id,contract_name
1008828,
1011103,
1011624,
1012330,
1017898,
1017904,
1021017,
1021320,
1021332,大连地铁工程自动售检票（AFC）系统总承包二标段合同
1021549,
1025037,
1025555,
1028888,
1030684,
1031562,
10316,
1035395,
1038236,
10400225,
10400229,EPC总承包合同
1042224,
1042954,
1044441,
1053634,
10600369,
1063344,
1067240,
1073362,
10766,
1078178,
10789868,凤冈县龙潭河县城河段治理工程勘测设计施工总承包（EPC）合同》（以下简称“合同
10794320,
10796296,
10801691,
10803626,
10803627,
10805807,
1081806,
1081953,
1083896,
1084399,
1084534,
1086892,
1088650,
1089480,
1090034,
1091513,
1091608,
1091795,
1092727,
1095200,
1096637,
1096732,衡阳市蒸水北堤风光带工程项目BT投融资项目合同》（以下简称“本合同
1098351,
109988,
1101318,
1102678,
1102843,
1103154,
1103457,珠海市城市绿化景观提升工程设计施工总承包合同》（以下简称“本合同
1103458,
1104960,EPC总承包合同》（以下简称“协议”或“EPC合同
1105260,
1105425,
1105797,
1106460,
1106668,
1109125,公司”）近日收到与某客户签订了1份政府装备类产品订货合同（以下简称“合同
110931,PAM供应合同》（以下称：“合同
1109721,
1110549,
1111971,
1112304,
1112378,
1112569,
1113314,
1115076,
1116653,
1117661,
1117703,
1118836,
1120707,
1120849,
1121945,
1122337,
1124256,
1125035,
1125183,
1126569,
1127115,
1127169,
1127261,
1127497,
1129670,
1130754,
1132266,
1132613,
1132889,
1133846,
1133856,
1134496,
113573,
1136292,
1136825,
1137364,
1137707,
1138353,
1139167,郴州出口加工区林邑生态公园及配套工程BT融资建设工程施工承包合同书》（以下简称“本合同
1139829,
1140152,
1140433,
1142076,
1146063,
1146393,
1148742,
1148744,
1149055,
1149752,
1150652,
1151424,合肥二电厂EPC合同
1151809,中国银行自助银行设备采购合同》（以下简称“本合同
1152113,
1152341,
1153,
1153059,
1153332,
1153642,
1153763,
1154074,
1156622,
1157923,
1158340,
1158342,
1159128,
1159224,
1160108,
1160340,
1160534,
1160707,
1161414,
1162512,
1162537,
1162539,
1163071,
1164053,
1165171,
1167378,
1168517,
1170030,
1170910,聊城徒骇河景观工程投资建设合同》（以下简称“本合同
1171470,
1172400,
1173164,旭阳雷迪”）签订的设备采购及供应合同（以下简称“合同
1175676,
1177379,
1178432,
1180283,
1182869,
1184165,
1185144,
1186626,
1186961,
1187042,
118709,
1188003,
1192433,
1198179,
1199142,
1199686,
12020181,
12023267,
12024314,
12028266,
1202876,
12035067,
12039748,
12040700,
1204151,
12042018,
12046245,
12051125,
12057028,
1207162,
1207710,
1208699,
120894,
1209227,
1209548,
1210444,
1210521,
1213642,
121375,
12144,
1217538,聊城九州生态公园投资建设总承包合同》（以下简称“本合同
1218944,
1219209,
1223354,
1223821,
1223994,
1224800,
1225177,
1226676,
1229512,
1232339,
1232951,
1233791,
1233892,
1236035,
1236504,
1238415,
1239319,
123941,
1239562,
124421,
1244525,
1244894,
1245850,
1248082,
1248489,
1249295,
1252319,
1253343,
1254618,
1254960,
1255275,
1255687,
1256038,
1256530,
1257822,
125792,
1258528,
1262208,
1262310,
1263060,
1263818,
1264799,
1266297,
1267022,
1268471,
1269230,
1269253,
1272209,
1272554,
1272680,
1272902,
1274165,
1275419,
1275752,
1278811,
1278920,
1279478,
1279632,
1281955,
128205,
1283736,
1285290,
1285975,
1286241,
1288321,
128898,
1289852,
1289875,
1291282,
1291895,
1294610,
1295771,
1296103,
1296527,
1297130,
1298273,
1299081,
1300100,
1300803,
1301654,
1301948,
130272,
1302790,
1302792,
1305857,
1309133,
1309266,
1310452,
1311355,
1311605,商品房购销合同》（以下称“购销合同
131179,
1312444,
1314375,
1314678,
1315981,
1316141,
1317298,
1317433,
1317888,
1320021,
1320483,
1320853,
1322654,
1323575,
1323773,
1323885,
1324166,
1325358,
1325423,
1325757,
1329407,
132950,
1330290,
1330538,
1332424,
1335360,
133633,
1336489,
1337503,公司”）近日收到与某客户签订了2份政府装备类产品订货合同（以下简称“合同
133865,
1341043,
1341701,
1342136,
1342272,
1342719,
1348341,
1354611,
1356057,
135669,
1357096,
1361901,
1363624,
1365086,
1365649,
1367983,
1368314,
13734,
1376750,
1378159,
137968,
1380579,
1383835,
1384375,
1384576,
1387415,
1387827,
1389154,
1390255,
139093,
1391172,
1391964,
1393004,
1397100,
1398349,
1398485,
1398663,
1399668,
1400398,
1400475,
14012114,
1403670,
14044641,
1406983,
1407180,
14075594,
1408355,
14106370,
14106829,
14107061,
14131878,
14138016,
14139705,
14141163,
14209464,
14213131,
14213141,
1421505,
1424411,
14248207,
1425250,
1429048,
14322372,
1435227,
1436870,
1437844,
1438075,
1441727,
1442377,
144391,
1444876,
1445854,
1445930,
14466483,
1446908,
1447196,
1447846,
1448719,
1449232,
1449714,
1450,
1452479,
145305,
1454588,
1454864,
1455423,
1456976,
1457050,
1457356,
1460787,
1460931,
14612848,
1461557,
1462628,
1462882,
14630381,
14630422,
1464279,
146492,
14663522,
14666596,
14667108,
14670022,
14670775,
14671350,
14671360,
14671830,
14672189,
14672478,
146995,
14704572,
14704611,
14737217,
1474039,
147541,
14759281,
14759448,
14760192,
14762627,
1476395,
14768133,
14768153,
14781210,
14781515,
14788932,
14789539,
14792290,
14809067,
14809610,
1481456,
1483205,
148449,
14853716,
14854433,
1486117,
148643,
14872637,
14879043,
1488220,
148866,
1490150,
1490759,
14925452,
1494224,
14944350,
14944402,
14945231,
14945600,
14965276,
1496560,
14965607,
14966703,
1496675,
1497450,
1498597,
1498979,
1499017,
1499072,
1499321,
1500618,
1500828,
15022329,
1502706,
15028454,
1502907,
1503178,
15033441,
1503619,
1503686,
1503747,
1504002,
1504284,
150431,
15053998,
1505773,
15060783,
1512515,
1512736,
15132601,
151373,
1517303,
1518,
15191412,
15191577,
15191764,
15199968,
1523162,
1523275,
1523855,
1525863,
15302653,
15302690,
153045,
15307443,
1530981,
15310307,
15312420,
1531506,
15321375,
153217,
153235,
15324946,
15329725,
15335258,
1534027,
15346955,
15348273,
15352585,
15352788,
15356344,
15357478,
15359238,
15361999,
15362244,
15362247,
15362416,
15362569,
15363048,
15363281,
15365793,
15365950,
15366645,
1537665,
15395192,
15395994,
15396759,
15396786,
154145,
1541763,
1544029,
15444611,
15445812,
15457033,
15457062,
1546182,
15475415,
15479654,
15483812,
15485396,
15486337,
15486519,
15488821,
15488840,
15488866,
15489462,
15493012,
1549870,
15500414,
15500709,
15500966,
15501041,
1550126,
15501481,
15501612,
15506590,
15506596,PC总承包合同
15509642,
15511417,
15511439,
1551152,
15511856,
1551654,
1551833,
15519246,
15519977,
15520576,
15526716,
15526869,
15527831,
15534842,
15536267,
15539429,
15540537,
15543576,
15543615,
15543751,
15543986,
15548718,
15555218,
15556453,
15556504,
155609,
15561645,
15561856,
15568818,
15571348,
15572569,
15574659,
15575795,
15575999,
15576049,
15582356,
15582887,
15582961,
15593613,
15593661,
1559459,
15597918,
15597970,
15598246,
15598385,
1559841,
15602839,
15604195,
15605033,
15611810,
1561560,
15616270,
15616798,
15617321,
15617389,
15619411,
15620515,
15623731,
15623894,
15624323,
15628663,宁海县城市基础设施PPP项目协议》（以下简称“合同
1563056,
1563141,
15631461,
15632147,
15632191,
15632687,
15632693,
15632737,
15635040,
15635203,
15635531,
15638110,
15638607,
15638942,
15644004,
15644056,
15645008,
15645578,
15645631,
15646298,
15646357,
15663303,
15667137,
15667325,
15669286,
15670601,
15676376,
15679521,
15680313,
15680338,
156882,
15688405,
15688406,
15690199,
1569507,
15702494,
15702500,
15702855,
15704996,
15705998,
15708908,
15709639,
1571116,
15715563,
15715733,
15716122,
15716130,
15718723,
1572284,齐星开发区合同
15725630,
15726603,
15732469,
1573455,
15740684,
1574586,
15747287,
15747518,
15752051,
15752187,
15753780,
15757475,
15760737,
15761646,
15765052,
15766372,
15771419,
157730,
15775611,
15778506,
15779827,
15780128,
15780952,
15789278,
15790770,
15791064,
15793886,
15798764,
15803592,
1580520,
15814988,
15816820,
15822125,
15827363,
15827840,
15833591,
1584370,
15848462,
15855217,
15856356,
15863246,
15870612,
15872277,
15873519,
158799,
15882236,
15884200,
15884889,
15893590,
15895044,
15896354,
15896917,
15901885,
15902048,
15903256,
15903623,
15910509,
15911496,
15912310,
15920456,
15921152,馆陶县乡村污水处理及运营管理特许经营权采购项目合同》（以下简称“项目合同
15927423,
15927481,
15927498,
15934956,
15935589,
15936351,
15957061,
159579,
15958647,
15958772,
15960988,
1596785,
15968825,
15979938,
15980313,
1598188,
15982280,
15990156,
15990306,
15993231,委托经营合同》（以下简称“原合同
16003475,
16007018,
16026811,
16027694,
1603204,
1603923,
16061,
16072,
16078114,
16078811,
16082493,
16106995,
16116090,
16120212,
16120493,
16121163,
1612202,
16125495,
16126350,
16128269,
16132376,
16132681,机械设备采购合同》（以下简称“合同
16133462,
16136223,
16143483,郑州（东部）环保能源工程烟气净化系统成套设备采购合同》（以下简称“采购合同
16143763,
16144407,基于可用性的绩效合同
16144584,
16148853,
16155477,
16155616,
16164276,
16168873,
16169427,
16171003,
16175730,
16175852,
16176304,
16180525,
16181082,
16187751,
16189218,
16189464,
1619085,
16193068,
16194990,
1619856,
16202218,
16211213,
16212274,
16223345,
16223830,
16227483,
16231251,
16231861,
16232790,
16237902,
16238685,
16245431,
16254530,
16254531,
16255624,
16255863,
16259691,
16262336,
16264230,
16264767,合同”或“本合同
1626920,
1626942,
16271394,新开发银行总部大楼项目合同》（以下简称“合同
16271472,
16272211,
16275399,
16276674,
16276957,
16277771,
16278183,
1628391,
16285224,
16286174,
16292817,
1629482,
16299206,
16302837,
1630346,
16305619,
16306831,
16309816,
16310396,采购合同》（以下简称“合同
1631236,
16312834,
16313702,
16314814,
16318387,
16318693,机械设备采购合同》（以下简称“原合同
16323724,
16327740,
16328291,
16331600,
16333668,
16338855,
16344446,
16345275,
16345774,
16346207,
16349201,
16350018,
16350318,
16350355,
16352617,
16353075,
16353362,
16353740,
16356187,
16356317,
16357215,
16357439,
16359828,
16359894,
16359911,合同”或“本合同
16360365,
16360848,
16361211,
1636354,
16368552,
16369167,
16369245,
16371295,
1637220,
16377493,
16377532,
16379793,
16380985,
16384005,
16384492,
16385029,
1639673,
1641216,
16412215,
1641265,
16415548,
1642122,
1642801,
16430077,
1643518,
16440846,
16458790,
16458899,
16459467,
1646657,
1646811,
1648536,
16488212,
16489407,
16490128,
16490481,
16490696,
16493832,
16494878,
16495395,
1649655,
1649740,
16498925,
16498942,
1650186,
16503212,
16503415,
16503742,
16507992,
16508667,
165122,
16514291,
16515372,
16515377,
16516170,
16516304,
1652379,
16527222,
16527914,
16528080,
16533468,
16541239,
16550615,
16550970,
16551301,
16551806,
16551815,
16566276,
1656655,
1656682,
16567759,
1656890,
16579502,
16586505,
1658668,
16589416,
1659034,
16591456,
16591601,
16601364,
1660185,
16602676,
16602995,
16617061,
16618105,
1663845,
16647779,
16649921,
16652703,
1665560,
16656778,
16659681,
16659892,
1666015,合同”或“EPC合同
16660890,
16661100,
1666303,
16665391,
16668742,PPP项目合同》（以下简称“本合同
1667459,
16674937,
16679350,
16679422,
16680286,
16680759,
16684614,
16684809,
16685386,
1668899,
16689019,
16689766,
16693378,
16694406,
16694410,
16694570,
16699123,
16702288,
16703562,
16703739,
1670393,
16708048,
16711012,
16711393,
16711411,
16711565,
16711938,
16712356,
16716690,
16716692,
16716940,
16716957,
16719612,
16720275,
16721198,
16721461,
16729293,
16730336,
16735358,
1673847,
16746986,公司”）近日收到公司与特殊机构客户签订的订货合同（以下简称“本合同
16747450,
16747469,
16747831,
16748133,
16748835,
16748955,
16748956,
16748958,
16751741,
16752590,
16752804,
1675485,
16756535,
16756884,
1675737,
1676002,
16765229,
16765450,
16765672,
16769734,工业品买卖合同》（以下简称“合同
16770283,
16770386,
16770489,
16773599,
16773644,
16780123,
16780400,
1678286,
16788,
16789734,
16790027,
1679127,
16793420,
16793421,
16793947,
16797697,
16798941,
16799363,
1680098,
16802889,
16803345,
16803541,
1680384,
16803913,
16804077,
16807412,
16808938,
16809383,
16811022,
16814525,
16818384,
16819550,
1682345,
16826798,
16841486,
16842516,
16842819,株洲县“智慧渌口”项目一期系统集成及运营服务采购项目合同》（以下简称“合同
16842941,
16843107,
16849863,
16850007,
16853234,
16853673,
16853882,
16856676,
16856908,
16857044,
16857500,
16860218,
16861667,
1686326,
16865811,
16866055,
16866623,
16870275,
16874220,
1687457,
16877575,
16877584,
16877588,
1687816,
16878298,
16878642,
1688157,
16882219,
16883059,
16883808,
16887624,
16891694,
16892054,
16892198,
16892638,
16893025,
16897145,
16900048,
16900962,
16900977,
16901336,
16904385,
16904729,
16904791,
16905593,
16905794,
1690705,
16908889,
16910454,
16910813,
16911009,
16913813,
16914848,
16919719,
16919840,
16923966,
16924030,
16924311,
1692446,
16926678,
16927425,
16927501,
16928001,
16928021,
16928904,
16929052,
16932152,
16932858,
16933345,
16933648,
16936296,
16936664,
16936744,
16937584,
16937832,建设工程施工合同》（以下简称“合同
16940817,
16940905,
16941154,
16941316,
16941332,
16946294,
16950612,
16950906,
16951008,
16951229,
16951769,
16953798,
16954322,
1695737,
1696428,
16967052,
1697357,
16979176,
16979179,
1698267,
1698522,
16991743,
1699693,产品供应协议》（以下简称“合同
1699910,
1700098,
17030573,
1704199,
1704974,
1706067,
17062,
1709122,
1710465,
1711500,
1713218,
171346,
1713621,
1713646,
1717059,
1717062,
1719469,
1720588,
1720597,
1721725,
17224629,
1722739,
1724356,
1726158,
1727748,
1727945,
1729437,
17295309,
17295631,
1732582,
1734513,
1734705,
1735608,
1736146,
17381788,
17394047,
17446224,
1745388,
174622,
17468,平安阳江社会治安视频监控系统三期业务合作合同》（以下简称“合同
1751426,
1754556,
1754948,
1756838,
1757997,
1758304,
1764500,
1770457,
1771419,
177267,
1774481,
1775568,
1777019,
1778745,
1780089,
1780127,
1783137,
1783514,
1784682,
1786175,
1786289,
1786782,上海电信”）在上海签订了定制化数据中心服务合同（以下简称“服务合同
1787273,
1787309,
1787599,
1790106,
1790938,
17913359,
1791457,
17916845,
1791802,
17921792,
1793234,
1793867,
179584,
1795916,
1797846,
1799793,
180002,
18004523,
18005611,
1800965,
1805294,
1805483,
1805528,
1805674,
1806226,
18087,
1810604,城市污水处理特许经营合同》（以下简称“本合同
1813150,
1816553,
1819962,
1822295,
1825413,
18274128,
18275406,
18279364,
18281024,
18281103,
1828361,
18285674,
18286168,
18292275,
18296205,
18296216,
18297249,
18297766,
18297893,
18298,
18298032,
18302626,
18302897,
18302968,
1831908,
1832012,
1834330,
1838529,
1839008,
1840875,
1841381,
1841643,
1842025,
1842426,
1843077,
1843121,
184361,
1843636,
1846753,
1846935,
1848164,
1848345,
1848405,
1849243,
1849485,
1850239,
185157,
1852081,
185226,
1853048,
1857356,
1858032,
1858388,
1858701,
1858760,
1859697,
1860171,
1860375,
1861146,
1862032,
1862205,
1862961,
1864509,
1864836,
186587,
186728,
1868974,
1870952,
1872657,
1872860,
1874236,
1874503,
18753754,
18753860,
18760283,
1876316,
1876730,
18769005,
1877867,
1878244,
1878586,
18810326,
18810720,
18810950,
18811939,
18813252,
18819675,
18820838,
18820887,
1882097,
18821227,
18832681,
18834654,
18839166,
18839285,
18839305,
18839386,
18839930,
18839943,
18840156,
18840286,
18843959,
18844000,
18844494,
18848923,
18849390,
18849415,
18850249,
18854252,
18854761,
18855574,
18856176,
18856676,
18857042,
18857431,湖南城陵矶临港产业新区污水处理厂BOT项目特许经营合同补充协议》（下称“特许经营合同
18861756,
18862167,
18862322,
18862518,
18863041,
18865753,
18865934,
18866336,
18868836,
18869402,
18871860,
18872047,
18875121,
18875252,
18875944,
18876663,
18876923,
18876971,
18880280,
18880516,
18880954,
18887384,
18887391,
18888263,
18892050,
18892094,
18892346,
1889513,
1890486,
1890777,
1891127,
1891742,
1892504,
1893748,
1894249,
1895831,
1897531,
1897887,
1904964,
1905475,
1909952,
1910317,
19161299,
19162777,
19163768,
19164075,
19168019,
19168048,
19168479,
19168589,
19171910,
19171913,
19175604,
19176591,
19176931,
19177014,
19179621,
19179622,
19179629,
19187023,
19187092,
19196626,
19197853,
19201533,
19202130,
19205228,
19205793,
19208908,
19209028,
19209135,
19213842,
19218203,
1922001,
19230262,
19230778,
19231683,
1923444,
19234764,
19234768,
19235100,
19238591,
19242297,公司”）近日收到公司与特殊机构客户签订的订货合同（以下简称“本合同
19242845,
1924356,
1925361,
1925983,中广核德令哈50MW光热项目热传储热系统EPC总承包合同》（以下简称“合同
1925985,
1926475,
19274156,供货合同》（以下简称“本合同
19275810,
19279616,
19282707,
19282708,
19282725,
19283420,
19283568,
19284460,
19284562,
19288611,
19288877,
19291646,
19292014,
19293592,
19297083,
19297172,
19297198,
19297424,
19298045,
19298454,
19298486,
19298531,
19298745,
19298820,
1929909,
19299151,
19299175,
19299977,
19300049,
19300434,
19307943,
19307957,
19310093,
1931111,建筑工程施工合同
19311562,
19314126,
19314228,
19315207,
19315306,
19315442,
19319715,
19321555,
1932414,
19325316,
19325922,
19326091,
19330519,
19330728,
19334556,
19338379,
19338529,
19341960,
19342000,
19342400,
19342637,
19351432,
19351563,
19352061,
19354623,
19355409,
19356569,
19424749,
19532,
19665,
19675206,
19709053,
19716796,
19720539,
19745815,
19812,
19971661,
19972515,
19974297,
19974439,
20095339,
20101985,
20102584,
20150289,
20152017,
2015570,
20164185,
20168849,
20169041,
20171419,
20175507,
20175570,
20178275,
20180174,
20185768,
20193081,
20201106,
20239073,
2024166,
20243177,
20247262,
20247315,
2025028,建筑工程施工合同
20250460,
20253341,
20258291,
20260048,
20260438,
2026084,
20260895,
20264258,
20267758,
20268875,
20269148,
20270954,
20273092,
20276883,
20278140,
20281316,
20287152,
20287171,
20287173,
20290445,
20292280,
20293065,
20295059,
20296723,
20308433,
20313188,
20322318,
203224,
20322492,
20322756,
20325239,
20335351,昆山市公共自行车运行维护服务项目合同》（以下简称“合同
20336047,
2035155,
20380257,
20393023,
20395967,
20398732,
20399000,
2039920,
20400828,
20422898,
20444824,
20467622,
20472016,
2048805,
20497233,
2049897,深圳市建设工程施工合同——香蜜公园建设工程-园区建筑安装和园区建设工程》（以下简称“合同
20504062,
20505220,
20506833,
20507176,
20524642,
20525889,
20525933,
20536373,
20551698,
205572,
205940,
20594392,船舶建造合同书》（以下简称“合同
20595632,
20596684,
20596751,
206673,
2067859,
212662,
2174085,
217626,
217897,
219048,
220333,
2220862,
2222319,
2225779,
2227174,
2234151,
2234153,
2235432,设备采购合同》（以下简称“合同
2238658,
2240443,
2250651,
2256086,
2257740,
2274732,
227606,
2289486,
22912,
2291516,
2291576,
231194,
2314921,
2324222,
2325419,
232721,
2330252,
233032,
2333604,
2337040,
2342182,
2342986,
2343012,
2344542,
2344872,
2345696,
2354985,
2359089,
2359535,
2359662,
2361698,
2368027,
2368381,
2370367,
2379,
238127,
2383835,
2384421,
241650,合同”或“本合同
2416773,
241954,
242034,
242361,
242576,
243485,
245352,
245623,
245968,
246029,
246185,
246588,
246612,
246613,
248048,
248186,
248414,
248934,
249073,
25036,云家通商贸物资采购合同》（以下简称“本合同
250419,
251511,
251982,
252142,
252271,
252540,
253183,
253274,
254652,
255766,
255788,
258594,
258809,
260848,
261051,
2611162,
2618493,
2620,
262788,
263521,
266424,
268731,
270169,
271455,
275222,
275599,
277823,
278047,
278532,
279928,齐星开发区合同
280216,
280887,
281309,
283165,
283493,
284038,
285203,
285377,
285491,
286642,
287614,
288520,
288653,
288867,
289129,
292460,
292854,
293785,
294480,
294756,
295284,
297086,
298574,
299709,中天合创鄂尔多斯煤炭深加工示范项目硫回收装置EPC总承包合同》（以下简称“合同
299816,
300356,
30050,
30054,
30104,
303352,
305576,
306063,
30878,
308867,
308941,
309616,
30986,
310780,
313359,齐鲁分公司第一硫磺回收装置安全隐患治理技术改造项目EPC总承包合同》（以下简称“合同
313383,
313788,
313877,
314843,
315809,
316079,
316506,
320378,
320447,
320847,
322125,公司”）近日收到与某客户签订的1份政府装备类系统产品订货合同（以下简称“合同
322929,
324637,
325210,
326664,
329561,
331843,
33229,
3330,
33310,
333624,
335787,
335849,
336265,
337640,
338860,
339490,
343515,建国大道（鞍海路与建国大道交叉点至大屯老道）第一标段景观工程施工合同》（以下简称“第一标段合同
343726,
343964,
344509,
344881,
345068,
345579,
345780,
345881,
345923,
346388,
346435,
346576,
347231,
347285,
348056,
34970,
349715,
349786,
349804,
351557,
351585,
35370,
354419,
354845,
356171,
356525,
357974,
358609,
3587425,
36050,
36134,
36156,
36162,
36176,
3620,
362257,
362403,
363189,
363689,
36379,
363864,
36462,
36857,东营市中心城生活水质提升项目BT合同》（以下统称“合同
368948,
369361,
37038,
3724456,
37294,
374157,
37439,
374995,
375709,
37587,
376524,
379969,
380689,
38391,
38517,
386198,
386744,
38778,
388249,
391268,
391628,
391715,
393155,
3932,
393200,
39336,
394382,
394402,
39498,
39596,
397272,
398333,
399508,
401597,
401720,
404089,
404777,
404846,
404953,
404962,
405120,
405921,
406210,
408864,
409950,
410374,
411729,
412246,
413317,
413521,
413947,
417232,
417787,
42127,
421637,
422109,
42687,
42928,
4315,
4327,
43302,
438244,
439793,
440370,
44085,
440950,
441890,
442194,
442256,
44350,
44627,
44672,
447631,
447860,BT”（建设—移交）承包合同》（以下简称“本合同
448839,
448996,
451254,
45165,
45301,
454583,
45611,
458807,
460083,
466568,
471279,
472301,
472504,
472773,
4732,
473660,
476536,
477557,
480857,
482766,
487171,
487618,
4922123,
4922144,
4922157,
4922374,
4922662,
4929198,
4930057,
4930165,
4930467,
4932943,
4935759,
4936234,
4937390,
4937972,
4939907,
4940513,
4941477,
4942848,
4945391,
4949151,贵州省黔南州长顺县麻线河河道治理工程（一期）设计施工总承包合同》（以下简称“合同
4950272,
4954785,
497812,
501138,
505081,
508229,
509618,
511505,
520503,
520983,
521248,
521562,
5231805,
5234592,
524279,
524735,
525726,
5258,
531027,
532435,
532478,
537019,
537484,
539525,
539758,
542514,
5443,
544698,
544727,
545925,
546077,
546524,
547380,
547562,
548030,
548471,
550142,
550144,
550957,
551375,
551416,
552348,
552670,
553056,
553747,
553928,
554416,
556982,
557282,
559821,
560474,
564090,
564587,
566094,
567316,
571977,
578320,
579814,
581017,
581213,
592192,
592934,
5941215,
596560,
600437,
600818,
600927,
601029,
60237,
604443,
605240,
612894,
61691,
619263,
619882,
620839,
623893,
62463,
62522,
628655,
62932,
63290,
633382,
6341753,
6342478,
63439,
63443,
634972,
637812,
640969,
6414913,建设工程施工合同》（以下简称“合同
6415739,
643410,
652721,
65460,
6548531,
6549446,
655855,
65838,
659379,
659380,
666521,
667024,
667251,
669044,
669479,
672372,
674178,
67749,
682387,
682789,
684508,
685545,
68633,
689647,
690235,
695819,
706190,天然气销售合同》（以下简称“天然气采购合同
7131,
713242,
713622,
713802,
714032,
714644,
714801,
715568,
715829,
716385,
7164,
7176282,
723751,
72878,
730738,
734516,
749798,
750323,
750585,
751131,
751227,
752057,
754047,
754048,
761297,
765663,
769734,
769855,
770059,
772050,
775185,
777188,
777258,
77737,
779848,
782342,
782781,
783362,
784090,
784999,
785325,
786333,
787826,
788005,
788122,
788427,
789242,
78935,
789516,潍坊滨海经济技术开发区中央商务区景观工程BT项目合作协议》（以下简称“本合同
789805,
790453,
790614,
790667,
790891,
791610,
792940,
793448,
794477,
797264,
797267,
797447,
797454,
797610,
802037,
802191,
802474,
802850,
80350,
804079,
804270,
804581,
804630,
804683,
805351,
805420,
805502,
805942,
806313,
806575,
806600,
806985,
807078,
80729,
807409,
80998,
813089,
81317,
815367,
816857,
82289,
823773,
82698,甲方”）就上述项目签订了“湛江市交警智能指挥中心信息化建设项目合同书”（以下简称“项目合同
843256,
847051,
85231,
85853,
862435,
862868,
863509,
864333,
866285,
866960,
8677857,
869932,
870323,
870399,
871558,
876279,
876596,
876612,
876638,
876706,
877013,
879349,
879630,
8824640,
886516,
88666,
888111,
890879,
890921,
891026,
89512,
89716,
89733,
899091,
900240,
901097,
9025592,
90445,
90513,
90574,
910940,检化验系统合同
913375,
913737,#4机组空冷增容改造设计和蒸发式冷却器采购合同》（以下简称“采购合同
915490,
917362,
918730,
9191709,影片联合发行合同》（以下简称“本合同
926851,
930948,
93547,
937571,
9389163,
94556,
948390,
950461,
964559,
966944,
971115,
974802,
975284,
978673,
982834,
9871980,
9872217,
9872614,
9875644,
987632,
9877598,
9880566,
9880596,
9883795,
9885660,
9886725,
9889072,
9889090,
9889674,
9892526,
9895239,
9898461,
9902151,
9907959,
99950,
