公告id,股东全称,股东简称,变动截止日期,变动价格,变动数量,变动后持股数,变动后持股比例
100829,成都美好房屋开发有限公司,美好房屋,2015-03-23,,13170938,,
100829,成都美好房屋开发有限公司,美好房屋,2015-03-19,,290000,,
1011117,长和投资有限公司,长和投资,2013-12-05,8.1,7000000,,
1011117,长和投资有限公司,长和投资,2014-01-02,8.4,10000000,,
1011117,长和投资有限公司,长和投资,2014-01-03,8.1,10000000,,
1011117,长和投资有限公司,长和投资,2014-01-24,8.1,16175500,136064869,0.1576
1017335,新疆日月投资股份有限公司,日月投资,2013-01-15,,8505200,,
1017335,新疆日月投资股份有限公司,日月投资,2014-01-23,,22000000,87918629,0.1246
1032413,浪莎控股集团有限公司,浪莎集团,2012-01-04,,200000,41495355,0.4268
1032787,李跃宗,,2014-01-14,13.7,748000,2244800,0.0168
1032787,李琛,,2014-01-15,16.6,191450,,
1032787,杰得投资,,2014-01-15,14.8,2000000,,
1032787,希旭投资,,2014-01-14,13.7,1650000,,
1035043,广州市有达投资有限公司,有达投资,2014-01-08,19.2,2500000,,
1035043,广州市有达投资有限公司,有达投资,2014-01-10,20.2,1000000,,
1035043,广州市有达投资有限公司,有达投资,2014-01-13,19.6,2000000,20316133,0.0518
105149,江苏沙钢集团有限公司,沙钢集团,2013-07-31,8.27,1880000,,
105149,江苏沙钢集团有限公司,沙钢集团,2015-03-24,14.8,1708800,10495000,0.053
1060689,长和投资有限公司,长和投资,2013-12-05,8.1,7000000,,
1060689,长和投资有限公司,长和投资,2014-01-02,8.4,10000000,,
1060689,长和投资有限公司,长和投资,2014-01-03,8.1,10000000,152240369,0.1763
1087592,华仪电器集团有限公司,华仪集团,2013-12-19,,4800000,,
1087592,华仪电器集团有限公司,华仪集团,2013-09-17,,5000000,184002500,0.3492
1089999,美欣达集团有限公司,美欣达集团,2012-12-03,7.71,150000,,
1089999,美欣达集团有限公司,美欣达集团,2012-12-04,7.89,105000,,
1089999,美欣达集团有限公司,美欣达集团,2012-12-05,8.10,89311,,
1090777,福建稀土集团,,2013-12-04,29.93,6459562,,
1092460,巨化集团公司,,2012-11-30,,1256112,,
1092460,巨化集团公司,,2013-10-29,,1425458,,
1092460,浙江巨化投资有限公司,巨化投资公司,2013-11-29,,25756595,,
1092460,巨化集团公司,,2013-06-18,,13422453,,
1092460,巨化集团公司,,2013-07-15,,13659827,,
1092531,福特汽车公司,福特汽车,2013-11-29,,17264194,276228394,0.32
1094682,上海锦江国际酒店(集团)股份有限公司,锦江酒店，证券代码为02006.HK,2013-11-19,6.30,,,
1100501,深圳市平安创新资本投资有限公司,平安创新,2013-09-16,9.9,1000000,,
1100501,深圳市平安创新资本投资有限公司,平安创新,2013-09-23,9.6,2000000,,
1100501,深圳市平安创新资本投资有限公司,平安创新,2013-10-22,9.8,10000000,,
1100501,深圳市平安创新资本投资有限公司,平安创新,2013-10-23,10.8,15000000,,
1101469,嘉乐进出口有限公司,香港嘉乐,2013-10-17,5.9,10520350,,
1106424,北京有色金属研究总院,有研总院,2012-08-31,,80000,,
1106424,北京有色金属研究总院,有研总院,2013-08-30,,2119750,,
1113485,大象创业投资有限公司,大象投资,2010-12-15,,13850000,27350000,0.0974
1114475,洋浦百年投资有限公司,,2009-12-11,,8800000,,
1122413,青海中金创业投资有限公司,,2011-11-29,,5130000,,
1127895,深圳市洋润投资有限公司,洋润投资,2009-10-28,,2041469,,
1127895,深圳市深南实业有限公司,深南实业,2009-10-28,,3238778,,
1130102,新疆佰聚亿,,2012-11-06,9.2,800000,39540100000,0.0494
1131523,鲁商物产有限公司,,2011-10-28,,1585732,,
1133559,北京湘鄂情股份集团有限公司,湘鄂情,2013-06-06,9.0,1050000,,
1133559,北京湘鄂情股份集团有限公司,湘鄂情,2013-06-24,8.1,148300,,
1133559,北京湘鄂情股份集团有限公司,湘鄂情,2013-07-03,6.6,905000,,
1133559,北京湘鄂情股份集团有限公司,湘鄂情,2013-07-17,6.8,12000000,,
1133559,北京湘鄂情股份集团有限公司,湘鄂情,2013-07-17,7.1,236600,,
1134101,化学公司,,2013-07-11,,12955000,153624000,0.1766
1135215,广州诚信创业投资有限公司,诚信创投,2013-07-10,6.3,683520,16000936,0.0749
1136523,深圳市奥欣投资发展有限公司,奥欣投资,2013-06-28,6.33,420750,,
1136523,上海嘉悦投资发展有限公司,嘉悦投资,2013-03-08,7.,521000,697475470000,0.1424
1139772,美克投资集团有限公司,美克集团,2012-07-05,,200000,,
1139772,美克投资集团有限公司,美克集团,2013-01-04,,4756528,267719014,0.4232
1140478,大象创业投资有限公司,大象投资,2013-06-19,,14137280,12124520,0.0432
1158478,雅戈尔投资有限公司,雅戈尔投资,2009-08-31,6.47-6.5,430000,,
11586,浙江华睿盛银创业投资有限公司,华睿盛银,2014-02-10,40.4,157300,,
11586,浙江华睿盛银创业投资有限公司,华睿盛银,2014-02-11,40.0,106000,,
11586,浙江华睿盛银创业投资有限公司,华睿盛银,2014-02-17,42.2,70000,,
11586,浙江华睿盛银创业投资有限公司,华睿盛银,2014-02-26,44.8,100000,,
11586,浙江华睿盛银创业投资有限公司,华睿盛银,2014-02-27,47.4,100000,,
11586,浙江华睿盛银创业投资有限公司,华睿盛银,2014-03-17,44.2,80000,,
11586,浙江华睿盛银创业投资有限公司,华睿盛银,2014-03-18,44.3,100000,,
11586,浙江华睿盛银创业投资有限公司,华睿盛银,2014-03-19,43.1,85000,,
11586,浙江华睿盛银创业投资有限公司,华睿盛银,2014-03-20,42.4,90000,,
11586,浙江华睿盛银创业投资有限公司,华睿盛银,2014-05-20,32.0,145000,,
11586,浙江华睿盛银创业投资有限公司,华睿盛银,2014-05-21,34.6,300000,,
11586,浙江华睿盛银创业投资有限公司,华睿盛银,2014-05-29,20.2,650000,13350000,0.05
1169132,中国联合网络通信集团有限公司,联通集团,2013-05-03,,21944033,13211103654,
1170765,南平市人民政府国有资产监督管理委员会,南平市国资委,2009-03-27,,15410000,22090000,0.0306
1173601,北京华联集团投资控股有限公司（华联集团）,,2012-09-21,2.7,53062100,,
1202583,天津博信,,2012-09-21,12.0,206000,,
1202583,天津博信,,2012-09-24,12.0,109700,,
1202583,天津博信,,2012-09-25,12.0,45500,,
1202583,天津博信,,2012-09-27,11.7,103800,,
1202583,天津博信,,2012-09-28,11.9,229600,,
1202583,天津博信,,2012-10-08,12.1,161800,,
1202583,天津博信,,2012-10-09,12.3,203600,,
1202583,天津博信,,2012-10-22,11.8,199000,,
1205918,郑州宇通集团有限公司,宇通集团,2008-10-30,,3374669,,
1205918,郑州宇通集团有限公司,宇通集团,2009-07-07,,7785550,,
1208832,吉林省电力有限公司,吉林电力,2012-08-22,14.4,46399850000,,
1212269,洋浦高盛汇邦投资有限公司,,2009-06-23,,1400000,,
1212269,洋浦高盛汇邦投资有限公司,,2009-07-07,,1300000,,
1212269,洋浦高盛汇邦投资有限公司,,2009-08-28,,5500000,,
1213699,深圳市翔龙通讯有限公司,深圳翔龙,2009-04-24,,15800000,,
1219747,得逸投资,,2012-02-16,13.9,3166800,,
1219747,得逸投资,,2012-02-16,13.9,819000,,
1219747,得逸投资,,2012-02-16,13.9,819000,,
1219747,得逸投资,,2012-02-16,13.9,327600,6224400,0.0371
1226399,广州市有达投资有限公司,有达投资,2012-06-13,9.2,2804400,,
1226399,广州市有达投资有限公司,有达投资,2012-06-14,8.2,3000000,,
1226433,得逸投资,,2012-02-13,1,3203200,,
1226433,得帆投资,,2012-02-13,1,2005080,,
1231967,东莞勤上集团有限公司,勤上集团,2012-12-12,9.15,620572,,
1231967,东莞勤上集团有限公司,勤上集团,2013-03-14,11.16,3913015,,
1235368,之控股股东南京新工投资集团有限责任公司,新工投资集团,2013-03-01,,3472450,,
1240134,吉林石岘纸业有限责任公司,石纸有限,2009-11-30,,1800000,,
1250308,中国工商银行股份有限公司湖北省分行,,2010-02-24,,4308403,39570155,0.1055
1256160,吉林石岘纸业有限责任公司,石纸有限,2010-09-28,,2300000,,
1256160,吉林石岘纸业有限责任公司,石纸有限,2010-09-30,,69090100,,
1266240,深圳市益峰源实业有限公司,,2011-08-24,,8100000,47252900,0.1251
1269324,德华集团控股股份有限公司,德华集团,2012-12-12,3.49,1226210,,
1269324,德华集团控股股份有限公司,德华集团,2012-03-15,7.31,2351050,,
1271917,广东粤文投资有限公司,,2012-09-04,6.3,67595890000,,
1271917,广东粤文投资有限公司,,2012-09-04,6.3,67595890000,243326680000,0.0361
1277360,SAIFIII,,2012-09-13,15.8,2720000,,
1277360,TQM,,2012-09-13,15.8,680000,,
1280229,锦江股份,,2012-05-10,10.0,9598701,,
1280229,锦江国投,,2012-05-30,10.1,14114587,,
1284223,天津市政投资有限公司,市政投资,2010-10-15,,14395801,,
1293914,新疆奕飞,,2012-11-08,9.,6600000,2400000,0.0171
12944,长和投资有限公司,长和投资,2014-05-27,8.5,21175500,49713879,0.0576
1297099,高要市国有资产经营有限公司,,2010-08-16,28.11,374099,,
13023,彩虹集团电子股份有限公司,彩虹电子,2014-03-25,,5000000,,
13023,彩虹集团电子股份有限公司,彩虹电子,2014-05-26,,5000000,155004798,0.2104
1304154,赵学伟,,2012-07-02,11.1,190000,,0.0002
1307856,山东聊城鲁西化工集团有限责任公司,鲁化集团,2012-10-16,,980000,445901056,
1314008,达晨财富,,2011-11-07,16.5,500000,,
1314008,达晨财富,,2011-11-14,17.3,2000000,,
1319561,金石投资有限公司,金石投资,2011-04-07,,4540000,15173637,0.0334
1350271,贵普控股有限公司,贵普控股,2012-03-13,18.5,600000,,
1350271,贵普控股有限公司,贵普控股,2012-03-27,17.,300000,,
1350271,贵普控股有限公司,贵普控股,2012-05-09,17.2,1000000,,
1350271,贵普控股有限公司,贵普控股,2012-06-20,11.,6150000,,
1356450,江苏沙钢集团有限公司,沙钢集团,2011-06-08,7.888,2004006,1182269558,0.75
1361671,广东省广弘资产经营有限公司,广弘公司,2012-05-25,6.602,11348755,11348755,0.0194
1364837,青岛海信电子产业控股股份有限公司,海信电子控股,2008-09-19,,5743320,238967810,0.484
137355,荣冠投资有限公司,荣冠投资,2013-03-08,6.03,22320000,,
138792,荣冠投资有限公司,荣冠投资,2013-03-15,5.50,22320000,,
1392495,上海重阳资产管理有限公司,上海重阳,2008-05-05,,3069246,21130754,0.0714
14170601,奥克斯集团有限公司,奥克斯集团,2016-02-29,,1722330,,
14170601,奥克斯集团有限公司,奥克斯集团,2016-08-26,,7719653,457719653,0.3226
1421813,江苏宝源投资管理有限公司,宝源投资,2012-02-22,11.24,526688,67872256,0.253
1425240,上海证券交惦所,,2011-12-26,,5264792,,
1425240,上海证券交惦所,,2012-01-09,,3944615,,
143509,宜华企业（集团）有限公司,宜华集团,2013-01-31,,1000000,270013411,0.2342
1436134,青海天象投资实业有限公司,,2009-02-10,,1870000,,
1440639,北京京城华威投资有限公司,京城华威,2007-12-26,,24540088,,
1440639,北京京城华威投资有限公司,京城华威,2009-02-23,,21140000,21140000,0.0705
1440660,上海市黄浦区国有资产监督管理委员会,黄浦国资委,2008-10-09,,826299,81288392,0.2935
1442639,亿阳集团股份有限公司,亿阳集团,2009-09-22,,6637060,123912740,0.352
144659,国中（天津）水务有限公司,国中天津,2013-02-07,8.07,21360000,144305000,0.3378
144690,光明食品（集团）有限公司,光明食品集团,2013-02-08,,990420,321925585,0.4304
14472719,华联发展集团有限公司,华联集团,2016-02-22,49.4,5347600,,
14472719,华联集团控股子公司富冠投资有限公司,富冠投资,2016-02-22,,0,,
1449904,厦门海翼集团有限公司,海翼集团,2011-10-20,,2172399,,
1449904,厦门海翼集团有限公司,海翼集团,2011-08-23,,1179224,,
145313,云南省工业投资控股集团有限责任公司,云南工投,2012-10-16,,1772899,,
145313,云南省工业投资控股集团有限责任公司,云南工投,2012-08-22,,17078189,,
145313,云南省工业投资控股集团有限责任公司,云南工投,2013-01-16,,3145037,,
14669538,山东鲁锦进出口集团有限公司,鲁锦集团,2016-07-12,,50000000,,
14669538,张建华,,2016-07-12,,914552,,
14669538,山东海川集团控股有限公司,海川控股,2016-07-15,,9035475,,
14672230,SystexSolutions(HK)Limited,SystexSolutions,2016-09-07,58.5,500000,,
14672230,SystexSolutions(HK)Limited,SystexSolutions,2016-09-08,58.0,500000,,
14672230,SystexSolutions(HK)Limited,SystexSolutions,2016-09-09,57.3,300000,,
14762271,卢柏强,,2016-09-19,9.5,5500000,265598715,0.2906
14762271,深圳市融信南方投资有限公司,融信南方,2016-09-20,9.3,6000000,,
14780450,步森集团有限公司,,2016-09-23,42.0,1500000,6400000,0.0457
1485224,北京信捷和盛企业咨询有限责任公司,北京信捷,2011-03-29,18.3,439800,,
1485224,北京信捷和盛企业咨询有限责任公司,北京信捷,2011-04-07,17.0,560000,,
1485224,北京信捷和盛企业咨询有限责任公司,北京信捷,2011-07-14,14.0,160300,,
148533,有限责任公司,统众公司,2012-12-20,10.18,10000000,180683823,0.2621
14853711,上海百仕成投资中心（有限合伙）,百仕成投资,2016-09-30,17.84,3670000,,
1493572,深圳市中兴新通讯设备有限公司,中兴新,2011-06-13,25.8,48495000,,
149383,云南煤化工集团有限公司,煤化集团,2012-12-10,,200000,101508950,0.1647
1495148,青岛市企业发展投资有限公司,企发投,2010-05-13,,12780000,8086800,
1502238,江阴市澄江投资有限公司,澄江投资,2010-11-25,,139838,,
1503122,中泰信托投资有限责任公司,中泰信托,2010-10-26,,1450000,,
1503122,中泰信托投资有限责任公司,中泰信托,2010-12-20,,3000000,11131785,0.0755
1503704,中国建设银行山西省分行,,2011-01-05,,19831061,19831061,0.0862
1505637,青海天象,,2011-04-07,,11842500,11842500,
150727,百大集团股份有限公司,公司,2012-12-17,,7525671,,
150727,百大集团,,2012-12-18,4.82,7524806,,
151294,亚盛集团,,2012-12-12,,24235197,,
1533242,湖南长丰汽车制造股份有限公司,长丰汽车,2007-06-26,,1863500,,
15341097,上海恣颖实业有限公司,上海恣颖,2016-10-31,11.5,13100000,30900000,0.0368
15362553,广西交通投资集团有限公司,交投集团,2016-05-27,,4369400,,
15397410,烟台金业投资有限公司,金业投资,2016-11-09,15.1,6000000,,
15397410,烟台金业投资有限公司,金业投资,2016-11-10,15.2,4600000,,
154602,云南省工业投资控股集团有限责任公司,云南工投,2012-10-16,,1772899,,
154602,云南省工业投资控股集团有限责任公司,云南工投,2012-08-22,,17078189,,
15462270,杰得投资,,2016-09-27,15.4,3000000,,
15462270,杰得投资,,2016-11-16,16.0,3000000,40275000,0.1151
15468694,上海谱润股权投资企业（有限合伙）,上海谱润,2016-06-16,40.8,35000,,
15468694,上海谱润股权投资企业（有限合伙）,上海谱润,2016-06-17,40.9,47999,,
15469177,热键电子（香港）有限公司,香港热键,2016-11-17,34.1,4530000,,
15469177,热键电子（香港）有限公司,香港热键,2016-11-17,34.1,2830000,,
15480139,杭州宋城集团控股有限公司,宋城控股,2016-11-22,22.6,37761882,,
15480139,黄巧龙,,2016-11-22,22.6,18300000,,
15480139,刘萍,,2016-11-22,22.6,7938118,,
15485871,中兵投资管理有限责任公司,中兵投资,2016-11-23,,15000000,,
15485871,中兵投资管理有限责任公司,中兵投资,2016-11-02,,10000000,754954138,0.5069
15486059,金岸有限公司,金岸公司,2016-11-18,28.9,200000,,
15486059,金岸有限公司,金岸公司,2016-11-21,29.3,300000,,
15486059,金岸有限公司,金岸公司,2016-11-22,29.3,500000,,
15486059,金岸有限公司,金岸公司,2016-11-23,30.0,300000,,
15486059,金岸有限公司,金岸公司,2016-11-24,29.3,400000,,
1549627,贵州赤天化集团有限责任公司,,2008-10-25,,10,,
15496938,公司,蓝润资产,2016-11-28,17.20,800043,,
1549695,北京北辰实业集团公司,北辰集团,2008-10-13,,1000031,1161000031,0.3448
15509925,浙江三变集团有限公司,三变集团,2016-11-04,20.3,10600,,
15530453,大亚科技集团有限公司,大亚集团,2016-12-09,19.04,500800,252200800,0.4752
15535486,爱尔眼科医院集团股份有限公司,公司,2016-12-12,,308712,,
1554175,新华基金管理有限公司,新华基金,2015-03-13,6.1,11510000,26380000,0.0499
15571993,中牧实业股份有限公司,中牧实业,2014-12-02,27.4,2300000,,
15576140,君康人寿保险股份有限公司,君康人寿,2016-12-02,15.0,6000000,,
15576140,君康人寿保险股份有限公司,君康人寿,2016-12-22,13.0,12636413,22301500,0.05
15600071,深圳市华美达一号投资中心（有限合,,2016-12-15,32.7,1995000,,
15600071,深圳市华美达一号投资中心（有限合,,2016-12-29,30.8,12622100,,
15602126,萍乡市富海新能投资中心（有限合伙）,萍乡富海,2016-12-26,,78500000,,
15602126,萍乡市富海新能投资中心（有限合伙）,萍乡富海,2016-12-28,,100000000,,
15602126,萍乡市富海新能投资中心（有限合伙）,萍乡富海,2016-12-29,,123030000,,
15603783,湖南长炼兴长集团有限责任公司,,2016-12-20,30.9,1836922,,
15604110,石河子金凯股权投资有限合伙企业,石河子金凯,2016-12-28,33.5,1360000,,
15604110,石河子金凯股权投资有限合伙企业,石河子金凯,2016-12-28,33.5,400000,,
15604110,石河子金凯股权投资有限合伙企业,石河子金凯,2016-12-29,32.2,1767200,11725200,0.0499
15624695,苏州新区创新科技投资管理有限公司,创新科技,2016-12-26,,1877800,,
15624695,苏州新区创新科技投资管理有限公司,创新科技,2016-12-28,,130000,,
15624695,苏州新区创新科技投资管理有限公司,创新科技,2017-01-06,,400000,,
1562660,华联发展集团有限公司,华联集团,2015-02-06,40.149,473500,27325100,0.1116
156566,中国交通建设股份有限公司,中国交建,2012-10-18,,2,1265637849,
1566692,华仁世纪集团有限公司,华仁世纪集团,2015-01-30,6.,27500000,,
15688791,湖北武昌鱼股份有限公司,公司或上市公司,2017-01-26,,12715356,,
15692130,荣盛控股股份有限公司,荣盛控股,2016-02-02,6.86,7600000,,
15692130,荣盛控股股份有限公司,荣盛控股,2016-06-20,6.90,23900046,,
15692130,荣盛控股股份有限公司,荣盛控股,2016-08-12,,43999994,,
15692130,荣盛控股股份有限公司,荣盛控股,2017-01-29,8.01,8000000,,
15697048,招远君兴农业发展中心,君兴农业,2017-01-26,,4488700,,
15697048,招远君兴农业发展中心,君兴农业,2017-02-03,,2000000,,
15697048,招远君兴农业发展中心,君兴农业,2017-02-06,,1925500,,
15697048,招远君兴农业发展中心,君兴农业,2017-02-07,,2994104,,
15697048,招远君兴农业发展中心,君兴农业,2017-02-08,,1724100,429292404,0.3398
15706705,河南森源电气股份有限公司,公司,2017-02-13,,4472070,,
15722869,河南森源集团有限公司,森源集团,2016-12-12,,13191954,,
15722869,河南森源集团有限公司,森源集团,2016-05-06,,9999811,,
15722869,河南森源集团有限公司,森源集团,2017-02-13,,4472070,,
15722869,河南森源集团有限公司,森源集团,2017-02-16,,1645600,,
15725928,京山轻机控股有限公司,轻机控股,2016-11-25,25.0,4000000,,
15753788,产业投资有限公司,中植产投,2017-02-16,21.58-22.0,976701,,
15753788,产业投资有限公司,中植产投,2017-02-17,22.25-22.85,809100,,
15753788,产业投资有限公司,中植产投,2017-03-01,23.88-24.79,950000,,
157557,重庆东银实业（集团）有限公司,东银集团,2012-03-16,,2181769,,
157557,重庆东银实业（集团）有限公司,东银集团,2012-09-07,,14399954,,
15761186,宜华企业（集团）有限公司,宜华集团,2016-10-31,11.37,1935300,,
15761186,宜华企业（集团）有限公司,宜华集团,2017-02-16,10.58,13500000,,
15761186,宜华企业（集团）有限公司,宜华集团,2017-03-03,10.91,14200000,,
15761186,宜华企业（集团）有限公司,宜华集团,2016-10-31,10.79,29635300,396144899,0.2902
157635,中国通用技术（集团）控股有限责任公司,通用技术集团,2012-09-10,,1200090,,
157635,中国通用技术（集团）控股有限责任公司,通用技术集团,2012-09-26,,11211911,201219911,0.6471
15793882,投资有限责任公司,建投投资,2017-03-12,13.90-14.1,8248500,,
1584627,东亚真空电镀厂有限公司,,2015-04-13,22.4,3000000,,
1584627,东亚真空电镀厂有限公司,,2015-04-13,22.4,4350000,,
1584627,东亚真空电镀厂有限公司,,2015-04-13,22.4,7350000,59810000,0.1037
1586095,湖南长炼兴长集团有限责任公司,兴长集团,2015-04-14,27.2,2682794,,
1586095,湖南长炼兴长集团有限责任公司,兴长集团,2015-04-14,,0,,
1586095,湖南长炼兴长集团有限责任公司,兴长集团,2015-04-14,,0,40950000,0.1747
1587828,海南宏氏投资有限公司,宏氏投资,2014-11-21,13.7,10000000,,
1587828,海南宏氏投资有限公司,宏氏投资,2014-11-24,13.6,6000000,,
1587828,海南宏氏投资有限公司,宏氏投资,2014-12-16,13.4,6000000,,
1587828,海南宏氏投资有限公司,宏氏投资,2015-03-09,17.0,4130000,148438965,0.4948
1590625,招商局华建公路投资有限公司,,2015-04-16,,64706051,,
159115,上海兴铭房地产有限公司,上海兴铭,2012-09-05,,1068410,,
15928841,持股的基本情况截至百灏投资有限公司,百灏投资,2017-04-05,14.56-16.1,7200000,16885834,0.0262
16063230,天津泰达投资控股有限公司,泰达控股,2017-04-26,31.5,2510000,,
16144422,天勤十七号,,2017-05-05,14.0,7935200,,
16144422,天勤十七号,,2017-05-08,14.0,3151900,,
16149025,创通投资（智盈9号）,,2017-05-02,23.6,13700,,
16149025,创通投资（智盈9号）,,2017-05-03,23.4,154900,,
16149025,创通投资（智盈9号）,,2017-05-04,23.1,107000,,
16149025,创通投资（智盈9号）,,2017-05-05,22.9,838400,,
16149025,创通投资（智盈9号）,,2017-05-08,22.6,1658600,,
16149990,深圳市融华投资有限公司,融华投资,2017-04-21,55.6,1796600,,
16149990,深圳市融华投资有限公司,融华投资,2017-05-09,50.4,4572173,,
16160450,赵冬梅,,2017-05-09,,5000000,,
16164822,杨林,,2017-05-11,11.27,4432632,,
16176185,铜陵有色金属集团控股有限公司,有色控股,2016-12-06,,62991180,,
16176185,铜陵有色金属集团控股有限公司,有色控股,2017-05-11,3.0855,104991850,,
16176185,铜陵有色金属集团控股有限公司,有色控股,2017-05-15,2.9923,133839944,,
16176952,中国证监会,,2016-12-21,,10000000,,
16176952,国广环球资产管理有限公司,国广资产,2017-05-15,,12473261,146500130,0.0726
16223530,周建孚,,2017-05-24,11.600,86100,86100,0.0001
16231205,——杭州成尚科技有限公司,成尚科技,2017-05-26,19.5,8575100,25204000,0.0787
16239247,中国华融股份有限公司,中国华融,2017-05-28,10.1,1990900,32670796,0.0471
16239878,山东鲁锦进出口集团有限公司,鲁锦集团,2017-05-31,11.99,1000000,184512352,0.4907
16244433,马晟,,2017-06-01,9.6,500000,,
16245465,山东鲁锦进出口集团有限公司,鲁锦集团,2017-06-01,11.49,620000,185132352,0.4924
16250054,山东省高新技术创业投资有限公司,山东高新投,2017-06-01,3.2,32677447,335656229,0.1027
16250522,山东鲁锦进出口集团有限公司,鲁锦集团,2017-06-02,10.71,400000,185532352,0.4934
16253093,南京音飞储存设备（集团）股份有限公司,公司或音飞储存,2017-06-02,,1007390,,
1629311,乾泰中晟股权投资有限公司,,2015-03-16,,1894984,,
1629311,乾泰中晟股权投资有限公司,,2015-04-30,,3000000,,
1629332,江苏江动集团有限公司,江动集团,2015-04-30,11.8,940100,441584900,0.3112
1629826,宏氏投资,,2015-04-30,22.7,5000000,,
16323372,张继武,,2017-06-26,10.86,5523995,5551895,
16337507,上海铭大实业（集团）有限公司,上海铭大,2017-06-27,12.40-12.9,10000000,,
16349314,红太阳集团有限公司,红太阳集团,2017-07-04,18.5,11160000,68735036,0.1184
16352881,汇邦科技,,2017-07-04,,22300757,,
1636028,东华软件股份公司,东华软件,2015-05-07,83.669,,,
1636028,东华软件股份公司,东华软件,2015-05-08,88.501,,,
1636028,东华软件股份公司,东华软件,2015-05-11,98.008,,7519940,0.0653
16373331,兰州兰石集团有限公司,兰石集团,2017-05-03,,12924786,,
16373331,兰州兰石集团有限公司,兰石集团,2017-07-12,,2670600,,
1637872,华联发展集团有限公司,华联集团,2015-05-14,30.79,5619090,,
16380306,东方时尚投资有限公司,投资公司,2017-07-14,,4675245,281590329,0.6704
16380430,安徽中鼎控股（集团）股份有限公司,中鼎集团,2017-07-14,19.8,10055200,,
16384600,黄益年,,2017-07-17,11.46,34800,34800,0.0001
16385519,熊剑浪,,2017-07-13,52.01,84700,,
16385519,熊剑浪,,2017-07-14,52.5,55000,,
16385519,熊剑浪,,2017-07-17,53.1,440000,3891440,0.0053
16385519,邓招男,,2017-07-17,54.1,20000,,
16385743,黄辉,,2017-07-14,7.24,520500,168401759,0.1218
16385743,上海三湘投资控股有限公司,三湘控股,2017-07-14,7.17,2042102,,
16389350,徐海江,,2017-07-18,26.76,527447,78927447,0.3853
16392546,王冲,,2017-07-18,,30000,9401660,
16393790,高辉,,2017-07-18,11.265,35500,35500,0.0001
1639564,上海复星高科技（集团）有限公司,复星集团,2015-05-14,22.3,44278683,0,0
16398006,高新公司,,2017-07-18,19.53,710000,,
16398006,高新公司,,2017-07-19,19.36,670000,37920000,0.1374
16411127,佳沃集团有限公司,佳沃集团,2017-07-25,26.8,803300,,
16415302,安徽中鼎控股（集团）股份有限公司,中鼎集团,2017-07-14,19.8,10055200,,
16415302,安徽中鼎控股（集团）股份有限公司,中鼎集团,2017-07-17,18.3,5330000,,
16415302,安徽中鼎控股（集团）股份有限公司,中鼎集团,2017-07-26,18.7,550000,,
16423568,科泰控股有限公司,科泰控股,2017-07-27,12.1,3000000,,
16423568,科泰控股有限公司,科泰控股,2017-07-28,12.6,1800000,128440000,0.4014
1643372,华融渝富基业（天津）股权投资合伙企业（有限合伙）,华融渝富,2015-05-14,41.4,1750000,,
1643372,华融渝富基业（天津）股权投资合伙企业（有限合伙）,华融渝富,2015-05-18,42.1,2000000,3750000,0.0345
1644574,新余鼎汉电气科技有限公司,鼎汉电气,2015-05-18,37.1,1500000,,
1644574,新余鼎汉电气科技有限公司,鼎汉电气,2015-05-20,36.5,3500000,85391860,0.1628
1645633,久立集团股份有限公司,久立集团,2015-05-19,55.56,1000000,,
1645633,久立集团股份有限公司,久立集团,2015-05-20,56.32,1000000,129302218,0.3841
1645789,临沧飞翔冶炼有限责任公司,临沧飞翔,2015-05-21,20.2,23000000,,
1649195,江南模塑科技股份有限公司,模塑科技,2015-05-21,35.80,220000,,
1649195,江南模塑科技股份有限公司,模塑科技,2015-05-22,,4300233,,
16499416,管理有限责任公司,中兵投资,2017-08-09,,71502,154458556,0.3036
1651379,广州海印实业集团有限公司,海印集团,2015-05-26,18.1,13470000,16232232,0.0137
16526644,北京首创阳光房地产有限责任公司,首创阳光,2017-06-12,4.2,136784,,
16526644,北京首创阳光房地产有限责任公司,首创阳光,2017-06-13,4.3,1008216,,
16526644,北京首创阳光房地产有限责任公司,首创阳光,2017-06-14,4.2,658800,,
16526644,北京首创阳光房地产有限责任公司,首创阳光,2017-06-15,4.2,970100,,
16526644,北京首创阳光房地产有限责任公司,首创阳光,2017-06-16,4.2,1137600,,
16526644,北京首创阳光房地产有限责任公司,首创阳光,2017-06-19,4.2,3459000,,
16526644,北京首创阳光房地产有限责任公司,首创阳光,2017-06-20,4.2,2245865,,
16526644,北京首创阳光房地产有限责任公司,首创阳光,2017-06-21,4.3,4314322,,
16526644,北京首创阳光房地产有限责任公司,首创阳光,2017-06-22,4.2,1347600,,
16526644,北京首创阳光房地产有限责任公司,首创阳光,2017-06-23,4.2,3697713,,
16526644,北京首创阳光房地产有限责任公司,首创阳光,2017-06-26,4.2,2835700,,
16526644,北京首创阳光房地产有限责任公司,首创阳光,2017-06-27,4.2,648300,,
16526644,北京首创阳光房地产有限责任公司,首创阳光,2017-06-28,4.2,992000,133120000,0.0567
1653831,中国科学院长春光学精密机械与物理研究所,长春光机所,2014-10-10,54.1,1150000,,
1653831,中国科学院长春光学精密机械与物理研究所,长春光机所,2015-05-29,91.3,929864,52910136,0.4409
1656369,宏立投资有限公司,宏立投资,2015-06-01,28.5,10000000,,
1659363,重庆智全实业有限责任公司,智全实业,2015-06-03,13.8,420000,29908100,0.0499
1660546,云天化集团有限责任公司,云天化集团,2015-06-03,,9986200,112544000,0.1137
1660546,昆明钢铁控股有限公司,昆钢控股,2015-06-04,,10960000,,
1662867,VTRONINVESTMENTLIMITED,威创投资,2015-06-08,21.7,20800000,,
1662934,阮加春,,2015-06-05,33.0,10000000,,
1662934,阮加春,,2015-06-08,33.0,8000000,,
1663968,TBPOLYMERLIMITED,TB公司,2015-06-02,29.400,2000000,,
1663968,TBPOLYMERLIMITED,TB公司,2015-06-03,29.750,1000000,,
1663968,TBPOLYMERLIMITED,TB公司,2015-06-04,28.910,1000000,,
1663968,TBPOLYMERLIMITED,TB公司,2015-06-05,31.720,1000000,,
1663968,TBPOLYMERLIMITED,TB公司,2015-06-08,31.010,2000000,,
16640273,通联资本管理有限公司,通联资本,2017-08-11,4.1,24019200,,
16640273,通联资本管理有限公司,通联资本,2017-08-30,3.8,45600000,,
16665025,欣胜投资,,2017-09-07,13.7,6000000,,
16674762,宝钢集团广东韶关钢铁有限公司,韶关钢铁,2017-09-11,9.3,7701900,,
1667656,浙江医药股份有限公司,浙江医药,2015-02-27,11.1,,,
1667656,浙江医药股份有限公司,浙江医药,2015-03-12,12.0,,,
1667656,浙江医药股份有限公司,浙江医药,2015-03-13,12.1,,,
1667656,浙江医药股份有限公司,浙江医药,2015-04-09,16.3,,,
1667656,浙江医药股份有限公司,浙江医药,2015-06-12,27.1,,,
1667722,深圳贵航实业有限公司,深圳贵航,2015-06-11,18.5,12177400,,
16680735,云南锡业集团（控股）有限责任公司,云锡控股,2017-05-11,10.97,2731600,,
16680735,云南锡业集团（控股）有限责任公司,云锡控股,2017-05-19,11.45,445700,,
16680735,云南锡业集团（控股）有限责任公司,云锡控股,2017-05-22,11.45,443700,,
16680735,云南锡业集团（控股）有限责任公司,云锡控股,2017-05-24,11.09,868300,,
16680735,云南锡业集团（控股）有限责任公司,云锡控股,2017-07-04,13.71,20300,,
16680735,云南锡业集团（控股）有限责任公司,云锡控股,2017-09-11,15.36,6500,,
1669249,五龙贸易有限公司,五龙公司,2015-05-04,16.1,11000000,,
1669249,五龙贸易有限公司,五龙公司,2015-05-29,18.2,4200000,,
1669249,五龙贸易有限公司,五龙公司,2015-06-01,18.6,6800000,,
1669249,五龙贸易有限公司,五龙公司,2015-06-02,21.0,8000000,,
1669249,五龙贸易有限公司,五龙公司,2015-06-11,21.0,6000000,,
1669249,五龙贸易有限公司,五龙公司,2015-06-12,21.2,4000000,,
16699616,劲辉国际企业有限公司,劲辉国际,2017-09-15,8.1,9000000,,
16699616,劲辉国际企业有限公司,劲辉国际,2017-09-18,8.1,13790000,,
16699616,劲辉国际企业有限公司,劲辉国际,2017-09-18,8.1,5210000,,
16702656,北京市第一建筑工程有限公司,北京一建,2017-07-06,10.2,8000000,,
16702656,北京市第一建筑工程有限公司,北京一建,2017-07-12,10.2,7780000,,
16702656,北京市第一建筑工程有限公司,北京一建,2017-08-01,13.7,52300,,
16702656,北京市第一建筑工程有限公司,北京一建,2017-08-09,13.8,2029100,,
16702656,北京市第一建筑工程有限公司,北京一建,2017-08-10,13.9,28600,,
16702656,北京市第一建筑工程有限公司,北京一建,2017-08-11,14.0,510000,,
16702656,北京市第一建筑工程有限公司,北京一建,2017-09-18,14.0,1600000,,
16702778,浙江华迅投资有限公司,浙江华迅,2017-07-24,14.5,1421700,,
16702778,浙江华迅投资有限公司,浙江华迅,2017-07-25,14.4,876000,,
16702778,浙江华迅投资有限公司,浙江华迅,2017-08-30,16.3,1882300,,
16702778,浙江华迅投资有限公司,浙江华迅,2017-09-01,15.7,1819500,,
16702778,浙江华迅投资有限公司,浙江华迅,2017-09-04,16.2,635200,,
16702778,浙江华迅投资有限公司,浙江华迅,2017-09-05,16.4,30000,,
16702778,浙江华迅投资有限公司,浙江华迅,2017-09-06,16.1,361900,,
16702778,浙江华迅投资有限公司,浙江华迅,2017-09-07,16.5,763000,,
16702778,浙江华迅投资有限公司,浙江华迅,2017-09-08,16.6,50000,,
16702778,浙江华迅投资有限公司,浙江华迅,2017-09-11,17.1,352900,,
16702778,浙江华迅投资有限公司,浙江华迅,2017-09-13,18.1,149200,,
16702778,浙江华迅投资有限公司,浙江华迅,2017-09-14,18.4,8300,,
16702778,浙江华迅投资有限公司,浙江华迅,2017-09-18,18.8,1000,92139625,0.1096
16707777,程荣武,,2017-09-18,48.0,18750,56250,0.0005
16707777,汤德平,,2017-09-19,47.9,18700,,
16707777,刘智敏,,2017-09-20,48.0,7500,,
16712221,奥克集团股份公司,奥克集团,2017-07-25,7.275,3120645,,
16712221,奥克集团股份公司,奥克集团,2017-07-26,7.203,2559380,,
16712221,奥克集团股份公司,奥克集团,2017-07-27,7.233,6349300,,
16712221,奥克集团股份公司,奥克集团,2017-07-28,7.340,68300,,
16712221,奥克集团股份公司,奥克集团,2017-09-14,8.235,485600,,
16712221,奥克集团股份公司,奥克集团,2017-09-18,8.127,1128596,,
16712221,奥克集团股份公司,奥克集团,2017-09-19,7.960,1500000,363386955,0.5339
1671378,晋正企业股份有限公司,晋正企业,2015-06-09,21.1,12000000,,
1671378,晋正企业股份有限公司,晋正企业,2015-06-10,21.4,12000000,,
1671378,晋正企业股份有限公司,晋正企业,2015-06-11,21.1,12000000,,
1671378,晋正企业股份有限公司,晋正企业,2015-06-16,21.8,3634500,326045056,0.4113
16715028,戴奉祥,,2017-09-21,16.4,82900,502825,0.0004
16715384,天津华远浩利投资股份有限公司,天津浩利,2017-09-21,4.40-4.8,,,
16720183,杭州信雅达电子有限公司,电子公司,2017-07-20,13.08,330000,,
16720183,杭州信雅达电子有限公司,电子公司,2017-07-21,13.04,70000,,
16720183,杭州信雅达电子有限公司,电子公司,2017-07-24,12.77,2100000,,
16720183,杭州信雅达电子有限公司,电子公司,2017-07-25,12.84,1250000,,
16720183,杭州信雅达电子有限公司,电子公司,2017-07-26,12.83,160000,,
16720183,杭州信雅达电子有限公司,电子公司,2017-07-27,12.78,480000,,
16720183,杭州信雅达电子有限公司,电子公司,2017-09-22,12.69,3610000,,
16725313,金石投资有限公司,金石投资,2017-09-25,10.28-11.3,7104249,70082517,0.0683
16725817,宁波凯数,,2017-07-28,36.61,118375,,
16725817,宁波凯数,,2017-09-07,40.28,219500,,
16725817,宁波凯数,,2017-09-08,40.00,30000,,
16725817,宁波凯数,,2017-09-19,39.76,28200,,
16725817,宁波凯数,,2017-09-25,40.42,32400,,
16749007,宝钛集团,,2017-10-09,,12901987,228227298,0.5304
16752805,西部信托有限公司,西部信托,2017-10-09,8.4,10000000,,
1675467,重庆渝富资产经营管理集团有限公司,重庆渝富,2015-04-17,28.6,2352300,,
1675467,重庆渝富资产经营管理集团有限公司,重庆渝富,2015-06-19,8.2,12121200,41845559,0.0101
1676811,山东中际投资控股有限公司,中际投资,2015-06-17,30.8,2000000,,
1676811,山东中际投资控股有限公司,中际投资,2015-06-24,27.4,1500000,,
16773708,德清丰华投资有限公司,,2017-09-29,6.60-6.7,1551040,,
16788808,好利来控股有限公司,好利来控股,2017-09-15,58.0,1333600,,
16788808,好利来控股有限公司,好利来控股,2017-10-19,58.7,666800,29499600,0.4424
16789324,杭州博泰投资管理有限公司,博泰投资,2017-07-28,12.9,3529570,,
16797798,华茂集团股份有限公司,华茂集团,2017-08-24,16.0,1350000,,
16797798,华茂集团股份有限公司,华茂集团,2017-08-25,16.2,3650000,,
16797798,华茂集团股份有限公司,华茂集团,2017-10-16,16.5,2550000,,
16797798,华茂集团股份有限公司,华茂集团,2017-10-17,16.7,1500000,,
16797798,华茂集团股份有限公司,华茂集团,2017-10-18,16.7,1000000,267500000,0.0528
1681496,华润深国投信托有限公司,,2015-06-29,16.271,4990020,,
16816990,上海柏智方德投资中心（有限合伙）,柏智方德,2017-09-05,40.10,10000,,
16816990,上海柏智方德投资中心（有限合伙）,柏智方德,2017-09-07,40.46,158700,,
16816990,上海柏智方德投资中心（有限合伙）,柏智方德,2017-09-08,40.53,121300,,
16816990,上海柏智方德投资中心（有限合伙）,柏智方德,2017-09-11,41.83,27400,,
16816990,上海柏智方德投资中心（有限合伙）,柏智方德,2017-09-21,41.83,25400,,
16816990,青城容仕凯投资中心（有限合伙）,容仕凯,2017-09-01,40.19,4000,,
16816990,青城容仕凯投资中心（有限合伙）,容仕凯,2017-09-07,40.5,6500,,
16816990,青城容仕凯投资中心（有限合伙）,容仕凯,2017-09-08,40.4,10000,,
16825247,黄山永佳投资有限公司,永佳投资,2017-10-27,,580000,103363728,0.3078
16837249,北京临空兴融投资有限公司,临空兴融,2017-10-30,,165000,,
1684326,华东电子工程研究所,华东所,2015-06-24,,3201510,54215156,0.3966
16849739,中国信达资产管理股份有限公司,中国信达,2017-10-31,40.5,1814008,9291475,0.0512
16850168,安徽新华发行（集团）控股有限公司,新华控股,2017-11-01,,9694430,,
16861043,山东威达集团有限公司,威达集团,2017-09-13,,4200000,,
16861043,山东威达集团有限公司,威达集团,2017-11-03,,4300087,,
16862052,湖北驼峰投资有限公司,驼峰投资,2017-11-05,,2059944,,
16865577,财通基金管理有限公司旗下资产管理计划,财通基金,2017-11-06,,3086674,25651388,0.0582
16866209,湖南科力远高技术集团有限公司,科力远集团,2017-11-07,,6739700,,
16866209,湖南科力远高技术集团有限公司,科力远集团,2017-07-17,,8253492,261005435,0.1876
1686912,东莞市国弘投资有限公司,国弘投资,2015-07-06,,1000000,230785410,0.1622
16869565,钟伟刚,,2017-11-07,12.8,23300,160169,0.0003
16878810,新加坡NORTHLAND,,2017-07-20,17.3,100000,,
16878810,新加坡NORTHLAND,,2017-07-24,16.8,100000,,
16878810,新加坡NORTHLAND,,2017-08-30,18.7,200000,,
16878810,新加坡NORTHLAND,,2017-08-31,18.6,200000,,
16878810,新加坡NORTHLAND,,2017-09-05,19.0,200000,,
16878810,新加坡NORTHLAND,,2017-09-07,19.2,100000,,
16878810,新加坡NORTHLAND,,2017-09-12,19.2,200000,,
16878810,新加坡NORTHLAND,,2017-09-13,19.0,100000,,
16878810,新加坡NORTHLAND,,2017-11-01,18.4,150300,,
16878810,新加坡NORTHLAND,,2017-11-07,17.9,89700,,
16878810,新加坡NORTHLAND,,2017-11-08,16.3,400000,,
16878810,新加坡NORTHLAND,,2017-11-09,16.4,1960000,0,0
16883614,南京钢铁联合有限公司,南钢联合,2017-11-11,,6987819,121167491,0.0275
1688954,华联发展集团有限公司,华联集团,2015-07-07,,4250000,356,0.3124
16891994,无锡天奇投资控股有限公司,,2017-11-15,18.7,282823,,
16899995,美林控股集团有限公司,美林控股,2017-11-16,7.9,9086804,,
16899995,美林控股集团有限公司,美林控股,2017-11-16,7.9,9086804,,
16901033,劲通电子设备（深圳）有限公司,,2017-11-14,16.77,74000,,
16901033,劲通电子设备（深圳）有限公司,,2017-11-14,16.71,15000,,
16901033,劲通电子设备（深圳）有限公司,,2017-11-15,16.63,36000,,
16901033,劲通电子设备（深圳）有限公司,,2017-11-15,16.66,37000,,
16901033,劲通电子设备（深圳）有限公司,,2017-11-16,15.96,73000,,
16901033,劲通电子设备（深圳）有限公司,,2017-11-16,15.86,65000,,
16901033,劲通电子设备（深圳）有限公司,,2017-11-17,15.81,19300,,
16901033,劲通电子设备（深圳）有限公司,,2017-11-17,15.43,70700,12001800,0.05
1690205,大商集团有限公司,大商集团,2015-07-07,,1118053,26977633,0.0918
16904421,天津力合创赢股权投资基金合伙企业（有限合伙）,力合创赢,2017-08-22,13.307,6500,,
16904421,天津力合创赢股权投资基金合伙企业（有限合伙）,力合创赢,2017-08-29,13.866,385000,,
16904421,天津力合创赢股权投资基金合伙企业（有限合伙）,力合创赢,2017-08-30,13.612,322100,,
16904421,天津力合创赢股权投资基金合伙企业（有限合伙）,力合创赢,2017-08-31,13.541,70000,,
16905387,长江润发集团有限公司,长江润发集团,2017-07-27,,8300665,184575437,0.3761
16905580,新余百合永生投资管理中心(有限合伙),百合永生,2017-11-15,33.73,312000,,
16905580,新余百合永生投资管理中心(有限合伙),百合永生,2017-11-16,33.63,392000,,
16905580,新余百合永生投资管理中心(有限合伙),百合永生,2017-11-17,33.39,498000,,
16905663,安徽迎驾集团股份有限公司,迎驾集团,2017-11-20,,1138000,635038000,0.7938
16905723,日照港集团有限公司,日照港集团,2017-11-20,,5687554,1285894873,0.4181
16905992,北京宽街博华投资中心（有限合伙）,宽街博华,2017-05-23,31.1,1000000,,
16905992,北京宽街博华投资中心（有限合伙）,宽街博华,2017-05-25,30.2,1000000,,
16906528,鸿达永泰,,2017-09-25,74.4,124800,,
16906528,鸿达永泰,,2017-11-10,92.7,7100,,
16906528,鸿达永泰,,2017-11-17,88.0,13900,,
16906528,宝利鸿雅,,2017-11-15,92.9,24200,,
16906528,宝利鸿雅,,2017-11-17,90.3,29000,,
16906528,张勤,,2017-09-25,73.4,93000,,
1690726,中国证监会,,2015-07-08,,21470700,,
16910116,中金佳泰,,2017-09-05,14.98-16.6,,,
16910116,中金佳泰,,2017-09-22,13.02-13.4,,,
16910228,翊辉投资,,2017-11-07,16.2,,,
16910228,翊辉投资,,2017-11-09,16.7,,,
16910228,翊辉投资,,2017-11-20,14.1,,37601190,0.0591
16910500,飞利信投资控股有限公司,,2017-07-18,8.1,1229800,,
16910500,飞利信投资控股有限公司,,2017-11-08,8.3,5200,,
16910500,飞利信投资控股有限公司,,2017-11-09,8.4,36400,,
16910500,飞利信投资控股有限公司,,2017-11-20,7.7,728629,,
16910785,江苏无锡商业大厦集团有限公司,大厦集团,2017-11-21,,810000,241771666,0.8
16914595,惠州市博达兴实业有限公司,博达兴,2017-11-13,26.93,569711,,
16914595,惠州市博达兴实业有限公司,博达兴,2017-11-14,26.81,123100,,
16914595,惠州市博达兴实业有限公司,博达兴,2017-11-16,26.47,80000,,
16914595,惠州市博达兴实业有限公司,博达兴,2017-11-17,26.46,30000,,
16914595,惠州市博达兴实业有限公司,博达兴,2017-11-21,27.21,3456086,16712878,0.0391
16918461,宁波经济技术开发区春秋科技开发有限公司,春秋科技,2017-05-19,15.18,925400,,
16918461,宁波经济技术开发区春秋科技开发有限公司,春秋科技,2017-05-22,14.90,171400,,
16918461,宁波经济技术开发区春秋科技开发有限公司,春秋科技,2017-05-23,14.57,80800,,
16918461,宁波经济技术开发区春秋科技开发有限公司,春秋科技,2017-05-25,14.05,353605,,
16918461,宁波经济技术开发区春秋科技开发有限公司,春秋科技,2017-07-05,14.16,120000,,
16918461,宁波经济技术开发区春秋科技开发有限公司,春秋科技,2017-07-07,15.63,627621,,
16918461,宁波经济技术开发区春秋科技开发有限公司,春秋科技,2017-07-12,14.29,330000,,
16918461,宁波经济技术开发区春秋科技开发有限公司,春秋科技,2017-07-14,14.09,60000,,
16918461,宁波经济技术开发区春秋科技开发有限公司,春秋科技,2017-09-27,13.92,150000,,
16918461,宁波经济技术开发区春秋科技开发有限公司,春秋科技,2017-09-29,13.82,285400,,
16918665,深圳市东方富海投资管理股份有限公司,东方富海,2017-09-11,24.9,100,26999900,0.1216
16923586,维维集团股份有限公司,维维集团,2017-11-24,,3177300,520708583,0.3114
16926643,深圳市赛格集团有限公司,赛格集团,2017-11-24,8.49-9.3,12411854,700628759,0.567
16926643,一致行动人赛格集团董事长王宝董事、总经理张良副总经理张光柳副总经理胡建平副总经理汪小平职工监事胡再卫,,2017-11-24,7.90-8.2,124600,,
16933161,之一致行动人北京五八投资控股有限公司,五八投资,2017-03-21,,110000020162750000,,
16933161,之一致行动人北京五八投资控股有限公司,五八投资,2017-03-21,,110000020162750000,,
16933161,之一致行动人北京五八投资控股有限公司,五八投资,2017-11-16,,200000,,
16933161,之一致行动人北京五八投资控股有限公司,五八投资,2017-11-17,,822800,,
16933161,之一致行动人北京五八投资控股有限公司,五八投资,2017-11-21,,333000,,
16933161,之一致行动人北京五八投资控股有限公司,五八投资,2017-11-22,,200000,,
16933161,之一致行动人北京五八投资控股有限公司,五八投资,2017-11-23,,500000,,
16933161,之一致行动人北京五八投资控股有限公司,五八投资,2017-11-24,,200200,,
16933161,之一致行动人北京五八投资控股有限公司,五八投资,2017-11-27,,200000,,
16945779,宁波理瑞股权投资合伙企业（有限合伙）,宁波理瑞,2017-09-18,9.93,420000,,
1700788,深圳华强集团有限公司,华强集团,2015-07-14,44.35,225400,500203200,0.75
1700807,国网四川省电力公司,四川电力,2015-07-09,,18176760,73449220,0.2015
170397,包头浩瀚科技实业有限公司,包头浩瀚,2012-05-18,,1741601,12594110,0.0727
1704394,唐海滨,,2015-07-16,,40400,,
1705177,中科汇通（深圳）股权投资基金有限公司,中科汇通,2015-07-15,28.9,4361746,,
1705177,中科汇通（深圳）股权投资基金有限公司,中科汇通,2015-07-16,29.8,1286425,,
1705177,中科汇通（深圳）股权投资基金有限公司,中科汇通,2015-07-17,32.8,949250,20045755,0.15
170972,肃宁县华德投资管理有限公司,华德投资,2012-03-02,15.0,142857,,
170972,肃宁县华德投资管理有限公司,华德投资,2012-03-12,16.89,17142,,
170972,肃宁县华德投资管理有限公司,华德投资,2012-03-16,14.9,1300000,,
170972,肃宁县华德投资管理有限公司,华德投资,2012-03-16,14.9,328600,,
1713968,北京紫光通信科技集团有限公司,紫光通信,2015-07-28,4.46,990000,480468900,0.0393
1718468,董监,,2015-07-28,10.20,752800,51790800,0.2187
172185,韵升控股集团有限公司,集团公司,2010-11-01,,3590000,,
172185,韵升控股集团有限公司,集团公司,2012-05-15,,14550000,181308000,0.3524
17413765,沈阳煤业（集团）有限责任公司,沈煤集团,2017-12-05,,623724178,623724178,0.4685
1746793,盛稷股权投资基金（上海）有限公司,盛稷股权,2015-08-26,22.3,7172069,,
1746793,盛稷股权投资基金（上海）有限公司,盛稷股权,2015-08-26,22.3,7172069,,143512.62
1747297,上海证券交易所业务规则,,2015-08-26,,300000,,
1758414,天水华天微电子股份有限公司,华天微电子,2015-09-02,,8000,,
1758574,北京汽车集团有限公司,北汽集团,2015-08-31,,3200000,171431565,0.3267
1765399,天水华天微电子股份有限公司,华天微电子,2015-09-15,12.09,250000,,
1766241,振石控股集团有限公司,振石集团,2015-07-17,,581100,,
1766241,振石控股集团有限公司,振石集团,2015-07-23,,975200,172389223,0.1976
1767932,韵升控股集团有限公司,韵升控股,2015-09-16,,87630,174895630,0.3269
1769204,北京市基础设施投资有限公司,京投公司,2015-09-21,,45900,,
1770241,盈峰投资控股集团有限公司,盈峰集团,2015-07-08,,6122344,125962680,0.4107
1770795,刘双广,,2015-08-03,,20500,,
1770795,刘双广,,2015-08-06,,205000,,
1770795,刘双广,,2015-09-02,,256600,,
1770795,刘双广,,2015-09-22,,117900,,
1770795,侯玉清,,2015-07-27,,15000,,
1770795,侯玉清,,2015-07-31,,5000,,
1770795,方英杰,,2015-09-18,,22000,,
1770795,王敏,,2015-07-27,,16500,,
1770795,王敏,,2015-07-31,,10000,,
1770795,王敏,,2015-08-03,,52700,,
1770795,丘春森,,2015-08-03,,9000,,
1770795,蒋成,,2015-07-22,,10200,,
1777304,淮北矿业（集团）有限责任公司,淮北矿业,2015-09-30,9.95,1004900,82155692,0.3126
1780727,华北制药集团有限责任公司,华药集团,2015-10-09,,16774726,255545404,0.1567
17968257,深圳市创新投资集团有限公司,深创投,2017-07-31,43.2,10000,,
17968257,深圳市创新投资集团有限公司,深创投,2017-08-03,42.9,16900,,
17968257,深圳市创新投资集团有限公司,深创投,2017-08-16,44.0,36500,,
17968257,深圳市创新投资集团有限公司,深创投,2017-08-17,46.8,50000,,
17968257,深圳市创新投资集团有限公司,深创投,2017-08-18,47.7,15000,,
17968257,深圳市创新投资集团有限公司,深创投,2017-08-21,46.8,8700,,
17968257,深圳市创新投资集团有限公司,深创投,2017-08-25,45.0,10000,,
17968257,深圳市创新投资集团有限公司,深创投,2017-08-28,46.7,20000,,
17968257,深圳市创新投资集团有限公司,深创投,2017-08-29,47.8,20000,,
17968257,深圳市创新投资集团有限公司,深创投,2017-09-04,50.7,30000,,
17968257,深圳市创新投资集团有限公司,深创投,2017-09-05,54.5,10000,,
17968257,深圳市创新投资集团有限公司,深创投,2017-10-10,51.7,30000,2113072,0.0309
17992782,深圳市一体正润资产管理有限公司,一体正润,2017-09-14,7.4,12000000,,
17992782,金益信和,,2017-11-29,7.0,90000,,
17992782,金益信和,,2017-12-04,7.0,10000,,
17992782,金益信和,,2017-12-05,7.2,76000,,
17992782,金益信和,,2017-12-06,7.1,1074500,,
1814375,江苏丹化集团有限责任公司,丹化集团,2015-11-16,,29541123,,
1820565,DTHealthcare,,2015-11-20,29.0,1927500,,
1820565,重庆德同创业投资中心（有限合伙）,重庆德同,2015-11-20,29.0,803125,,
1820565,长三角创投,,2015-11-20,29.0,481875,,
1824930,广西索芙特科技股份有限公司,索芙特科技,2015-08-21,,3877901,,
18273891,湖北同济堂投资控股有限公司,同济堂控股,2017-12-06,,2836400,,
18274876,珠海招商银科股权投资中心（有限合伙）,珠海招银,2017-12-07,19.7,650000,,
18275228,金益信,,2017-12-07,7.17,12700,,
18275228,深圳市一体正润资产管理有限公司,一体正润,2017-09-14,,66458359,17429658,0.0087
18280382,广东知光生物科技有限公司,广东知光,2017-12-11,23.6848,1408829,,
18280382,广东知光生物科技有限公司,广东知光,2017-06-01,,5362459,55044822,0.2396
18280427,深圳市东阳光实业发展有限公司,深东实,2017-11-30,,25246734,,
18280427,深圳市东阳光实业发展有限公司,深东实,2017-12-11,,49377422,,
1828064,黎仁超,,2015-12-01,12.3,503000,,
1828064,黎仁超,,2015-12-02,12.5,7565436,,
18280892,中色矿业集团有限公司,中色矿业集团,2017-06-08,18.6,450343,,
18280892,中色矿业集团有限公司,中色矿业集团,2017-06-09,18.4,50000,,
18280892,中色矿业集团有限公司,中色矿业集团,2017-06-12,18.0,20000,,
18290853,天津力天融金投资有限公司,力天融金,2017-10-13,16.1,1083565,13972603,0.0375
18303177,PowerStar（HK）,,2017-08-11,8.59-9.2,54812984,,
18303177,PowerStar（HK）,,2017-08-22,8.6,63400000,,
18303177,PowerStar（HK）,,2017-08-31,8.6,54100000,,
18303177,PowerStar（HK）,,2017-09-06,8.6,48000000,,
18303177,PowerStar（HK）,,2017-09-13,8.8,47750000,,
18303177,PowerStar（HK）,,2017-09-14,8.8,13804501,,
18303177,PowerStar（HK）,,2017-09-15,8.8,13480000,,
18303177,PowerStar（HK）,,2017-12-15,12.05-13.9,117295195,494283130,0.0404
1840212,冀东发展集团有限责任公司,冀东集团,2015-12-14,,2270000,,
1840212,冀东发展集团有限责任公司,冀东集团,2015-12-02,12.382,406500,,
1841986,上海锦江国际酒店发展股份有限公司,锦江股份,2014-09-27,6.8,,,
1841986,上海锦江国际酒店发展股份有限公司,锦江股份,2014-12-05,11.7,,,
1841986,上海锦江国际酒店发展股份有限公司,锦江股份,2015-03-30,15.9,,,
1841986,上海锦江国际酒店发展股份有限公司,锦江股份,2015-12-15,12.7,,,
185302,北京玺萌置业有限公司,玺萌置业,2011-11-18,8.32-8.6,4000000,,
185302,北京玺萌置业有限公司,玺萌置业,2011-11-21,8.05-8.3,2754100,,
185302,北京华信六合投资有限公司,华信六合,2011-12-06,6.8,4000000,,
185302,北京华信六合投资有限公司,华信六合,2012-01-04,6.2,4000000,,
185302,大华大陆投资有限公司,大华大陆,2012-01-19,7.00-7.0,2612000,,
185302,大华大陆投资有限公司,大华大陆,2012-01-20,7.01-7.1,5523169,,
1864460,重庆市能源投资集团有限公司,重庆能投集团,2016-01-08,,1273750,61363662,
1865230,东银集团,,2016-01-11,,3000000,,
1867909,上海文化广播影视集团有限公司,文广集团,2016-01-13,,59840000,1185295656,2.77
1868723,上海格林兰投资企业（有限合伙）,格林兰,2016-01-14,,1083252,3518736385,0.2892
1874999,威朗国际集团有限公司,威朗国际,2016-01-20,35.4,1561523,51215000,0.2955
18760769,正鸿发展有限公司,正鸿发展,2017-10-13,20.37,35000,,
18760769,正鸿发展有限公司,正鸿发展,2017-10-23,19.06,25000,,
18760769,正鸿发展有限公司,正鸿发展,2017-11-16,18.00,42100,,
18760769,正鸿发展有限公司,正鸿发展,2017-11-17,17.15,100000,,
18760769,正鸿发展有限公司,正鸿发展,2017-11-23,17.00,26000,,
18760769,正鸿发展有限公司,正鸿发展,2017-11-24,16.87,11300,,
18760769,正鸿发展有限公司,正鸿发展,2017-11-27,17.01,50000,,
18760769,正鸿发展有限公司,正鸿发展,2017-11-28,17.14,199000,,
18760769,正鸿发展有限公司,正鸿发展,2017-11-29,17.14,165000,,
18760769,正鸿发展有限公司,正鸿发展,2017-11-30,17.24,197300,,
18760769,正鸿发展有限公司,正鸿发展,2017-12-01,17.38,125000,,
18760769,正鸿发展有限公司,正鸿发展,2017-12-04,17.25,22900,,
18760769,正鸿发展有限公司,正鸿发展,2017-12-11,17.01,44300,,
18760769,正鸿发展有限公司,正鸿发展,2017-12-13,16.63,18400,,
18760769,正鸿发展有限公司,正鸿发展,2017-12-14,16.56,120000,,
18760769,正鸿发展有限公司,正鸿发展,2017-12-15,16.63,58700,1760000,0.0141
18773595,佛山市顺德区昌连荣投资有限公司,昌连荣投资,2017-12-07,15.4,10000,,
18820222,湖南天鸿投资集团有限公司,天鸿投资,2017-12-21,7.1,16898687,173782470,0.2057
18834523,袁仲雪,,2017-12-25,7.7,583000,,
18839697,三一重工股份有限公司,公司,2010-07-16,,5109624,,
18839697,三一重工股份有限公司,公司,2017-12-26,8.71,16095315,,
18843922,武汉当代科技产业集团股份有限公司,当代科技,2017-12-26,,13441150,,
18855459,青岛城投金融控股集团有限公司,城投金控,2017-11-23,13.1,1327700,,
18855459,青岛城投金融控股集团有限公司,城投金控,2017-11-24,13.0,1221700,,
18855459,青岛城投金融控股集团有限公司,城投金控,2017-11-27,12.4,60000,,
18855459,青岛城投金融控股集团有限公司,城投金控,2017-12-27,11.9,2320900,,
18855459,青岛城投金融控股集团有限公司,城投金控,2017-12-28,12.0,2948400,,
18855459,青岛城投金融控股集团有限公司,城投金控,2017-12-29,12.3,5561700,,1557358.26
18861371,广东省科技创业投资有限公司,广东科创,2017-09-15,39.28,260038,,
18861371,广东省科技创业投资有限公司,广东科创,2017-09-18,38.86,350000,,
18861371,广东省科技创业投资有限公司,广东科创,2017-09-19,38.81,100000,,
18861371,广东省科技创业投资有限公司,广东科创,2017-09-20,39.4,120000,,
18861371,广东省科技创业投资有限公司,广东科创,2017-09-21,38.8,269962,,
18861371,广东省科技创业投资有限公司,广东科创,2017-09-25,38.3,100000,,
18862161,颜力,,2018-01-02,25.0,566700,,
18862363,王经锡,,2017-10-18,,15,,
18862363,王经锡,,2017-12-29,,103100,,
18862621,深圳俊图精科投资有限公司,俊图精科,2017-08-01,40.62,10000,,
18862621,深圳俊图精科投资有限公司,俊图精科,2017-08-03,40.36,20000,,
18862621,深圳俊图精科投资有限公司,俊图精科,2017-08-08,39.01,10000,,
18862621,深圳俊图精科投资有限公司,俊图精科,2017-08-09,39.88,10000,,
18862621,深圳俊图精科投资有限公司,俊图精科,2017-08-10,40.35,50000,641900,0.0059
18869456,财通基金（代表旗下投资组合）,,2018-01-04,8.62,26046635,,
18869456,财通基金（代表旗下投资组合）,,2018-01-03,8.83,6967817,139485548,0.0535
18872434,北京同晟达信创业投资中心（有限合伙）,,2017-07-10,25.70,344900,,
18872434,北京同晟达信创业投资中心（有限合伙）,,2017-07-20,22.71,669100,,
18872434,北京同晟达信创业投资中心（有限合伙）,,2017-07-21,22.83,586000,,
18872434,北京同晟达信创业投资中心（有限合伙）,,2017-08-02,22.1,1600000,3924800,0.0245
18872434,济南优耐特投资有限公司,济南优耐特,2017-08-11,25.61,1600000,,
18872927,北企食品,,2017-09-29,7.3,170000,,
18872927,北企食品,,2018-01-05,7.02-7.1,2513900,,
18876317,西藏博实创业投资有限公司,西藏博实,2018-01-06,23.70-26.5,5000000,135400000,0.2575
18880277,浙江华睿德银创业投资有限公司,华睿德银,2018-01-08,60.8,139500,2650500,0.0394
18880277,浙江华睿中科创业投资有限公司,华睿中科,2018-01-08,60.8,139500,,
1888136,江苏旷达创业投资有限公司,旷达创投,2016-02-01,10.8,980422,,
1889900,北京市基础设施投资有限公司,京投公司,2016-02-02,,7361910,229641110,0.31
1889961,江苏旷达创业投资有限公司,旷达创投,2016-02-02,11.40,109000,,
1904871,中南城市建设投资股份有限公司,中南城投,2016-02-26,13.90,75000,795496887,0.6812
1907872,江苏旷达创业投资有限公司,旷达创投,2016-02-29,10.893,2647447,2,
19163755,合肥建翔投资有限公司,合肥建翔,2017-12-21,5.66,50000000,,
19163755,合肥建翔投资有限公司,合肥建翔,2017-12-22,5.92,52000000,,
19163755,合肥建翔投资有限公司,合肥建翔,2017-12-25,5.93,15689504,,
19163755,合肥建翔投资有限公司,合肥建翔,2017-12-26,5.82,55810400,,
19163755,合肥建翔投资有限公司,合肥建翔,2018-01-09,6.00,50000000,,
19163755,合肥建翔投资有限公司,合肥建翔,2018-01-10,6.10,36000000,,
19163755,合肥建翔投资有限公司,合肥建翔,2018-01-11,6.10,2700000,,
19163755,合肥建翔投资有限公司,合肥建翔,2018-01-12,6.10,72569300,2510142953,0.0721
19168754,江西昌九集团有限公司,昌九集团,2018-01-15,12.49,2456000,46436000,0.1924
19172891,变更为钧天（宁夏）投资管理中心（有限合伙）,钧天投资,2018-01-17,9.294,4268542,24245082,0.0609
19176459,银联科技有限公司,银联科技,2018-01-11,11.4,9100,,
19176459,有限公司,,2018-01-11,11.4,85700,,
19176459,有限公司,,2018-01-11,11.4,2200,,
19176459,有限公司,,2018-01-11,11.6,544600,,
19176459,有限公司,,2018-01-11,11.6,175120,,
19176459,有限公司,,2018-01-11,11.6,24880,,
19176459,有限公司,,2018-01-11,11.7,217620,,
19176459,有限公司,,2018-01-11,11.7,46600,,
19176459,有限公司,,2018-01-11,11.9,903000,,
19177142,上海原龙投资控股（集团）有限公司,上海原龙,2018-01-16,,26754529,,
19205591,冯忠,,2018-01-19,6.565,762400,,
19205591,冯忠,,2018-01-18,6.552,232400,,
19205591,冯忠,,2018-01-12,6.810,20000,,
19205591,冯忠,,2018-01-11,6.749,701700,12815603,0.0372
19209369,湖南方盛制药股份有限公司,公司,2018-01-25,,1117900,,
19209369,方锦程,,2018-01-25,,1117900,,
19216366,珠海红杉资本股权投资中心（有限合伙）,珠海红杉,2017-11-15,35.6,16500,,
19216366,珠海红杉资本股权投资中心（有限合伙）,珠海红杉,2017-11-17,37.0,13300,,
19216366,珠海红杉资本股权投资中心（有限合伙）,珠海红杉,2017-11-20,35.1,981700,19324992,0.0463
19231014,上海中金资本投资有限公司,,2018-01-30,,3900088,,
1923699,中兆投资管理有限公司,中兆投资,2016-03-04,,6206079,,
19239096,桑日百汇兴,,2018-02-01,4.27,4253700,,
19242775,桑日百汇兴投资有限公司,,2018-02-01,,4253700,,
19242775,桑日百汇兴,,2018-02-02,4.24,1000000,,
19242971,新疆广汇实业投资（集团）有限责任公司,广汇集团,2018-02-02,,1924167,266615.06,0.3274
19279833,杨志峰,,2017-12-04,6.4,3200000,,
19279833,杨志峰,,2017-12-12,6.3,70000,,
19279833,杨志峰,,2017-12-13,6.0,1000000,,
19279833,杨志峰,,2018-01-22,6.1,72400,12814222,0.0393
19283291,合肥实勤股权投资合伙企业（普通合伙）,实勤投资,2018-02-06,7.63,530000,,
19288572,福建建工集团有限责任公司,建工集团,2018-08-07,,,,
19292322,上海力鼎投资管理有限公司,力鼎投资,2017-12-08,26.8,166100,,
19292322,上海力鼎投资管理有限公司,力鼎投资,2017-12-15,26.8,92473,,
19292322,上海力鼎投资管理有限公司,力鼎投资,2017-12-22,23.5,733600,1167827,0.0159
19292322,力鼎明阳,,2017-12-08,26.6,166000,,
19292322,力鼎明阳,,2017-12-15,26.7,200800,,
19292322,力鼎明阳,,2017-12-22,23.5,733600,,
19293401,兴宁众益福实施增持计划,本次增持,2018-02-09,,2437580,,
19298981,及实际控制人中国电子信息产业集团有限公司,中国电子,2017-02-24,,32591900,1204369909,0.4112
19299150,金诚信集团,,2018-02-12,,197900,273253045,0.4671
1930745,上海）有限公司,上实置业,2016-01-06,,8049397,,
1930745,上实投资（上海）有限公司,,2016-01-15,,4348065,,
1930745,上海上实投资管理咨询有限公司,上实投资咨询,2016-01-15,,9118200,,
19309220,钧天（宁夏）投资管理中心（有限合伙）,钧天投资,2018-02-14,7.817,4210382,28455464,0.0715
1931213,奥克斯集团有限公司,奥克斯集团,2016-02-29,,6964653,,
1931213,奥克斯集团有限公司,奥克斯集团,2016-03-11,,730161,,
19321043,李健平,,2017-11-16,18.9,150000,,
19333936,中国通用咨询投资有限公司,通用咨询,2017-08-18,,6443864,,
1933424,斯米克工业有限公司,斯米克工业,2016-03-14,8.5,4000000,307535232,0.4692
19388088,新余市伊川投资管理有限公司,伊川公司,2018-02-05,14.4,1730000,,
19388088,新余市伊川投资管理有限公司,伊川公司,2018-02-07,13.9,1240000,,
19388088,新余市伊川投资管理有限公司,伊川公司,2018-03-06,16.7,90000,,
19388088,新余市伊川投资管理有限公司,伊川公司,2018-03-08,16.1,505300,,
19388088,新余市伊川投资管理有限公司,伊川公司,2018-03-09,16.5,2439000,29850240,0.0691
19395671,北京启迪中海创业投资有限公司,启迪中海,2017-08-28,65.0,15808061,,
2012295,新余全球星投资管理有限公司,新余全球星,2016-03-15,16.2,19500000,49800000,0.0502
20152769,新余市伊源投资管理有限公司,伊源公司,2018-02-08,13.8,1940000,,
20152769,新余市伊源投资管理有限公司,伊源公司,2018-02-09,13.9,2380000,,
20152769,新余市伊源投资管理有限公司,伊源公司,2018-02-12,13.6,2390000,,
20152769,新余市伊源投资管理有限公司,伊源公司,2018-02-13,14.0,1930000,,
20152769,新余市伊源投资管理有限公司,伊源公司,2018-03-05,16.5,35000,,
20152769,新余市伊源投资管理有限公司,伊源公司,2018-03-06,16.7,16900,,
20152769,新余市伊源投资管理有限公司,伊源公司,2018-03-07,16.4,35220,,
20152769,新余市伊源投资管理有限公司,伊源公司,2018-03-08,16.2,30000,,
20152769,新余市伊源投资管理有限公司,伊源公司,2018-03-09,16.5,1843700,,
20152769,新余市伊源投资管理有限公司,伊源公司,2018-03-12,16.7,334000,,
20152769,新余市伊源投资管理有限公司,伊源公司,2018-03-15,15.9,297100,0,0
20162470,中国证监会,,2018-03-14,6.779,5977560,,
20162470,卢秀强,,2018-03-19,6.775,11955208,,
20169245,王震宇,,2017-12-11,9.2,120000,480000,0.0005
20169245,沈伟康,,2017-12-11,9.2,68250,,
20169245,屠国良,,2017-09-21,13.4,18281,,
20173714,杭州福斯特科技集团有限公司,福斯特集团,2018-03-21,30.3,6681220,,
20188779,新世界精细化工投资有限公司,,2018-03-14,16.0,2391579,31554474,0.1315
2024626,中兵投资管理有限责任公司,中兵投资,2016-03-11,,8978151,,
2024626,中兵投资管理有限责任公司,中兵投资,2016-03-16,,15033166,,
20250656,金堆城钼业集团有限公司,金钼集团,2018-03-27,,25959100,,
20254804,江西省军工控股集团有限公司,军工控股,2018-03-26,,1119000,,
20254804,江西省军工控股集团有限公司,军工控股,2018-04-03,,2447900,,
20260347,汕头市澄海区沪美蓄电池有限公司,沪美公司,2018-04-02,13.37,1527950,,
20260347,汕头市澄海区沪美蓄电池有限公司,沪美公司,2018-04-03,13.04,514600,,
20260347,汕头市澄海区沪美蓄电池有限公司,沪美公司,2018-04-04,12.94,799950,,
20267427,杭州贝昌,,2018-04-04,63.2,4360371,16879629,0.0421
2027174,新余睿景,,2016-03-17,27.3,9600000,18540000,0.0288
20325342,浙江中科东海创业投资合伙企业（有限合伙）,中科东海,2018-04-16,38.6,615000,,
20325342,中科芙蓉,,2017-12-21,39.8,11700,,
20325342,中科芙蓉,,2018-03-13,34.43,257300,,
20325342,中科芙蓉,,2018-04-16,38.6,38600,,
20338938,陈俊岭,,2018-03-30,34.5,1099888,2344112,0.0211
20443934,上海亚邦创业投资合伙企业（有限合伙）,亚邦创投,2017-12-21,,36900,7367200,0.0921
20548615,沈亚非,,2018-05-02,167.5,12900,1427100,0.0174
215984,劲辉国际企业有限公司,劲辉国际,2013-09-05,20.2,1750000,,
215984,劲辉国际企业有限公司,劲辉国际,2013-09-06,20.0,2000000,,
216602,天辉国际,,2013-09-12,21.9,1600000,16115600,0.05
217159,旷达,,2013-07-18,7.66,652705,,
217159,旷达,,2013-07-19,7.93,627754,,
217159,旷达,,2013-09-23,8.32,1874205,3154664,0.0126
217963,四川平原实业发展有限公司,平原实业,2009-03-18,,8500000,,
217963,四川平原实业发展有限公司,平原实业,2009-03-19,,18350000,,
220218,中国贵州茅台酒厂（集团）有限责任公司,茅台集团公司,2013-09-03,,406773,642104985,0.6185
221851,天津赛象创业投资有限责任公司,赛象创业,2013-10-17,9.0,6000000,123600000,0.6232
222869,北车集团,,2013-10-08,,501600,,
222869,北车集团,,2013-10-09,,8606000,,
222869,北车集团,,2013-07-09,,8104400,,
222969,辽宁省大连海洋渔业集团公司,辽渔集团,2013-10-15,,4332558,,
222969,辽宁省大连海洋渔业集团公司,辽渔集团,2013-09-27,,481367,,
223068,中国长江电力股份有限公司,长江电力,2013-10-21,,31896900,171474700,0.0801
223842,栖霞集团,,2013-06-20,,1950000,,
223842,栖霞集团,,2013-07-03,,8937305,,
223842,栖霞集团,,2013-09-02,,21190403,,
224415,武汉新一代科技有限公司,新一代科技,2013-08-27,,500000,32944300,0.1684
225763,乌鲁木齐奥科股权投资合伙企业（有限合伙）,奥科股权投资,2013-11-05,9.6,2800000,,
2355693,新华人寿分红,,2016-04-27,165.8,600000,,
2355693,新华人寿分红,,2016-05-03,163.0,2000000,,
2358849,徐州恩华投资有限公司,,2016-05-03,21.7,2080000,,
2358849,徐州恩华投资有限公司,,2016-05-03,21.7,2000000,,
2358849,徐州恩华投资有限公司,,2016-05-03,21.7,1000000,,
2359762,威朗国际集团有限公司,威朗国际,2016-05-03,46.0,2573486,46683400,0.2694
2369904,上海浦东发展（集团）有限公司,浦发集团,2016-01-12,,2890751,,
2369904,上海浦东发展（集团）有限公司,浦发集团,2016-01-13,,113722,,
2369904,上海浦东发展（集团）有限公司,浦发集团,2016-04-14,,13860771,,
2369904,上海浦东发展（集团）有限公司,浦发集团,2016-05-10,,1768668,,
2371283,重庆渝富资产经营管理集团有限公司,重庆渝富集团,2016-05-10,,107218242,1523443610,0.2699
2373288,南通综艺投资有限公司,南通综艺,2016-05-11,68.541,999999,67780000,0.045
2373288,江苏省高科技产业投资股份有限公司,江苏高投,2016-05-11,,0,,
2384181,弘毅投资,,2016-05-16,24.2,17575615,,
2384181,西藏弘志,,2016-05-16,24.2,2474385,,
267465,绵阳科技城产业投资基金（有限合伙）,绵阳基金,2013-12-02,,8622300,24017700,0.0214
269773,上海中路实业有限公司,中路实业,2009-09-21,,8716467,,
277775,甘肃祁连山建材控股有限公司,祁连山控股,2014-12-30,10.7,3160000,99443917,0.1281
278124,浙江大东南集团诸暨贸易有限公司,,2015-01-06,5.5,10000000,,
278124,浙江大东南集团诸暨贸易有限公司,,2015-01-06,5.5,10000000,30439450000,0.004
282398,浙江巨化投资有限公司,巨化投资公司,2014-01-14,,4239733,,
282398,浙江巨化投资有限公司,巨化投资公司,2014-02-07,,8267231,,
282398,浙江巨化投资有限公司,巨化投资公司,2015-01-14,,12506964,,
295544,赤峰红烨投资有限公司,,2012-12-17,17.5,2500000,,
295544,赤峰红烨投资有限公司,,2012-12-18,17.6,5000000,,
295544,赤峰红烨投资有限公司,,2012-12-19,17.5,5400000,,
295544,赤峰红烨投资有限公司,,2012-12-20,17.2,4000000,,
295544,赤峰红烨投资有限公司,,2012-12-21,17.0,4000000,28128308,0.0557
298229,中国华融资产管理股份有限公司,华融资产,2014-12-12,,15409989,17827158,0.0446
300451,上海紫江（集团）有限公司,紫江集团,2014-12-10,13.0,1434000,,
305830,SOHALIMITED,SOHA,2014-09-11,,8700000,,
305830,SOHALIMITED,SOHA,2014-11-28,,5200000,22000000,0.0499
305921,周福海,,2014-12-02,17.2,13000000,176766000,0.4249
305921,新疆吉伊股权投资管理合伙企业（有限合伙）,新疆吉伊,2014-12-02,17.2,7600000,,
310244,山东太阳控股集团有限公司,太阳控股,2014-11-25,3.7,34500000,,
312693,新疆广拓股权投资合伙企业（有限合伙）,新疆广拓,2014-09-17,14.0,9000000,,
312693,新疆广拓股权投资合伙企业（有限合伙）,新疆广拓,2014-11-18,14.1,3000000,,
312693,新疆广拓股权投资合伙企业（有限合伙）,新疆广拓,2014-11-19,14.1,3000000,,
314771,上海市浦东新区公共交通投资发展有,,2014-11-03,15.05,160000,,
314771,上海市浦东新区公共交通投资发展有,,2014-11-04,14.90,36300,,
314771,上海市浦东新区公共交通投资发展有,,2014-11-05,14.80,150000,,
314771,上海市浦东新区公共交通投资发展有,,2014-11-06,14.89,178200,,
314771,限公司,,2014-11-07,15.00,84700,,
314771,限公司,,2014-11-10,14.80,128400,,
314771,限公司,,2014-11-12,14.35,198600,,
314771,限公司,,2014-11-13,14.42,22000,,
314771,限公司,,2014-11-14,13.98,144200,,
314771,限公司,,2014-11-17,14.12,360765,,
318915,创华投资发展有限公司,创华投资,2014-11-06,,8000000,32000000,0.08
321072,常州朝阳柴油机有限公司,常州朝阳,2013-09-11,7.2,800000,,
321072,常州朝阳柴油机有限公司,常州朝阳,2014-07-02,7.,1000000,,
321072,常州朝阳柴油机有限公司,常州朝阳,2014-07-04,7.8,1000000,,
321072,常州朝阳柴油机有限公司,常州朝阳,2014-11-03,8.3,4175100,11024900,0.05
332541,杰得投资,,2014-10-28,33.6,2000000,18890000,0.141
342848,新疆成农远大股权投资有限合伙企业,成农投资,2014-10-13,9.6,5510000,,
346505,焦作万方铝业股份有限公司,,2014-09-29,,948200,,
355047,山水控股集团有限公司,山水控股,2014-09-02,18.0,190000,,
355047,山水控股集团有限公司,山水控股,2014-09-03,17.6,100000,,
355047,山水控股集团有限公司,山水控股,2014-09-04,18.2,119700,,
355047,山水控股集团有限公司,山水控股,2014-09-05,18.1,10000,,
355047,山水控股集团有限公司,山水控股,2014-09-09,18.2,20000,,
355047,山水控股集团有限公司,山水控股,2014-09-10,18.4,190300,,
355047,山水控股集团有限公司,山水控股,2014-09-11,18.7,190000,,
355047,山水控股集团有限公司,山水控股,2014-09-12,18.5,200000,,
355047,山水控股集团有限公司,山水控股,2014-09-15,18.8,20000,1480000,0.0137
358014,巨力集团有限公司,巨力集团,2014-09-10,6.7,25000000,296500000,0.3089
360165,珠海市科见投资有限公司,珠海科见,2014-09-05,10.4,8800000,,
360456,石河子康乾股权投资有限合伙企业,康乾投资,2014-09-04,9.2,15000000,,
361278,山东省高新技术创业投资有限公司,山东高新投,2014-06-30,10.7,617162,,
365861,漯河市发展投资有限责任公司,漯河发投,2014-08-26,,9908000,61292776,0.0743
375401,乌鲁木齐融冰股权投资合伙企业（有限合伙）,融冰投资,2014-08-21,13.7,1968859,,
375401,乌鲁木齐融冰股权投资合伙企业（有限合伙）,融冰投资,2014-08-22,13.7,789992,8276554,0.0466
375401,听音投资,,2014-08-21,13.7,2233954,,
381263,昆山吉立达投资咨询有限公司,,2014-08-19,12.1,2500000,,
383716,青岛海尔厨房设施有限公司,厨房设施,2014-06-25,,899000,,
392203,江苏丹化集团有限责任公司,丹化集团,2009-06-30,,3268713,,
397037,内蒙古北方装备有限公司,北方装备,2014-08-05,11.12,1000000,32696000,0.0487
399725,汕头市华青投资控股有限公司,华青投资,2014-07-30,14.4,5185000,,
399725,汕头市华青投资控股有限公司,华青投资,2014-07-31,14.0,4900000,,
399725,汕头市华青投资控股有限公司,华青投资,2014-08-01,13.6,2550000,,
404550,福建省冶金（控股）有限责任公司,福建冶金,2009-09-04,,13019237,,
405702,玺萌置业有限公司,玺萌置业,2013-02-28,,92545762,,
405702,玺萌置业有限公司,玺萌置业,2013-07-04,,16586449,96122700,0.0581
409720,西藏世纪鼎天投资管理有限公司,世纪鼎天,2013-07-23,,117741101,,
412187,京安集团,,2009-12-01,,1390000,,
412656,北京中创信测科技股份有限公司,,2009-12-01,,842000,,
414004,中经信投资有限公司,中经投,2009-10-28,,4097900,26926895,0.0709
417348,——哈尔滨工业资产经营有限责任公司,工业资产公司,2010-01-28,,18000000,,
420803,无锡市国联发展（集团）有限公司,国联集团,2010-07-29,,25849696,5310000,0.0102
421263,上海盛宇企业投资有限公司,,2010-03-18,,3750524,,
421263,上海盛宇企业投资有限公司,,2010-09-08,,3967740,,
423278,江苏阳光集团有限公司,阳光集团,2011-04-22,,30600000,582793362,0.3268
425230,中国大唐集团公司,大唐集团,2011-05-06,,2335501,,
441001,欧华实业有限公司,欧华实业,2014-07-18,22.2,1850000,,
441001,欧华实业有限公司,欧华实业,2014-07-21,22.1,2150000,,
441001,欧华实业有限公司,欧华实业,2014-07-22,22.6,2000000,,
442149,VTRONINVESTMENTLIMITED,威创投资,2014-07-18,6.4,41680000,,
444191,国创高科实业集团有限公司,国创集团,2014-07-14,5.9,6000000,,
446786,天津国汇股权投资管理合伙企业（有限合伙）,天津国汇,2014-07-08,,263000,14028755,0.0425
447362,新疆成农远大股权投资有限合伙企业,成农投资,2014-07-08,16.3,1300000,,
447362,新疆成农远大股权投资有限合伙企业,成农投资,2014-07-10,15.5,1300000,,
448613,五龙贸易有限公司,五龙公司,2014-07-07,9.6,31000000,,
477719,山东省高新技术创业投资有限公司,高新投,2013-01-14,10.2,1533188,,
477719,山东省高新技术创业投资有限公司,高新投,2013-01-15,10.9,1500000,,
477719,山东省高新技术创业投资有限公司,高新投,2013-01-17,11.2,280000,,
477719,山东省高新技术创业投资有限公司,高新投,2013-05-13,12.18,4339090,,
477719,山东省高新技术创业投资有限公司,高新投,2013-05-20,13.7,3000000,30600000,0.05
490060,安徽华光玻璃集团有限公司,华光集团,2010-03-10,,1111500,,
490060,安徽华光玻璃集团有限公司,华光集团,2010-03-16,,4311500,4000.03,0.3419
4925222,弘毅投资,,2016-05-25,23.9,17575615,,
4925222,西藏弘志,,2016-05-25,23.9,2474385,,
4926759,大连承运投资集团有限公司,承运投资,2016-05-12,10.1,4000000,,
4926759,大连承运投资集团有限公司,承运投资,2016-05-27,9.1,4000000,,
4926759,大连承运投资集团有限公司,承运投资,2016-05-27,9.1,5400000,,
492905,中国国电集团公司,中国国电,2009-12-18,,81539143,,
4932845,北京市基础设施投资有限公司,京投公司,2015-09-21,,45900,,
4932845,北京市基础设施投资有限公司,京投公司,2016-02-02,,7361910,,
4932845,北京市基础设施投资有限公司,京投公司,2016-06-01,8.89,14815440,237048740,0.32
4933060,福建丰榕投资有限公司,丰榕投资,2015-07-03,,598201,,
4933060,福建丰榕投资有限公司,丰榕投资,2016-06-02,,15191975,,
4936085,上海欣诚意投资有限公司,,2016-06-01,20.2,1000000,,
4945596,新疆广泰空港股权投资有限合伙企业,广泰投资,2016-06-08,26.9,9000000,,
4946477,北京北广传媒投资发展中心,投资发展中心,2016-06-14,,6677544,,
4946837,新余丰禾朴实投资管理有限公司,丰禾朴实,2016-04-25,27.2,2000000,,
4946837,新余丰禾朴实投资管理有限公司,丰禾朴实,2016-05-10,23.6,200000,,
4946837,新余丰禾朴实投资管理有限公司,丰禾朴实,2016-05-23,25.0,1200000,,
4946837,新余丰禾朴实投资管理有限公司,丰禾朴实,2016-05-26,24.8,1000000,,
4946837,新余丰禾朴实投资管理有限公司,丰禾朴实,2016-06-01,25.5,800000,,
4946837,新余丰禾朴实投资管理有限公司,丰禾朴实,2016-06-07,25.1,600000,,
4958336,唐山市冀东物贸集团有限责任公司,冀东物贸,2015-07-11,,6675063402,,
4958336,唐山市冀东物贸集团有限责任公司,冀东物贸,2015-09-16,,24071714,,
4958336,唐山市冀东物贸集团有限责任公司,冀东物贸,2016-06-22,,64233907,,
496582,天津市医药集团有限公司,医药集团,2010-08-17,,10000000,3356,0.454
498397,永鼎集团有限公司,永鼎集团,2010-12-08,,18570180,121620959,0.3193
499278,天津市中商联控股有限公司,中商联公司,2010-11-15,,17095650,,
505862,四川宏达实业有限公司,宏达实业,2011-06-28,13.0,12000000,310400000,0.3008
508402,万家共赢资产管理有限公司,万家共赢,2014-06-25,6.2,3896600,,
508402,万家共赢资产管理有限公司,万家共赢,2014-06-26,6.1,22443300,,
508402,万家共赢资产管理有限公司,万家共赢,2014-06-27,6.1,11940000,,
5183169,耀晶国际有限公司）,耀晶国际,2016-06-17,21.7,250000,,
5183169,耀晶国际有限公司）,耀晶国际,2016-06-20,22.0,1000000,,
5183169,耀晶国际有限公司）,耀晶国际,2016-06-23,23.9,500000,9607478,0.0571
546137,中国华融资产管理公司,华融公司,2007-09-20,,1487990,,
547023,——浙江华硕投资管理有限公司,华硕投资,2007-10-24,,12577296,45236442,0.1296
552733,－商丘市天祥商贸有限公司,天祥商贸,2008-09-19,,1318400,,
554331,广东粤财创业投资有限公司,粤财创投,2011-07-12,,5000000,,
55611,广州穗富管理的系列基金,,2015-02-04,57.1,466000,2818984,0.0635
558360,中国对外经济贸易信托有限公司,外经贸信托公司,2011-09-14,,30185910,105178510,0.07
558633,唐山三友集团有限公司,三友集团,2011-10-18,,461537,592183510,0.5589
562286,中国建筑材料科学研究总院,中国建材院,2015-04-01,14.5,10000000,,
5666603,宜安实业有限公司,宜安实业,2016-06-24,16.0,19000000,219140000,0.5435
569487,北京燕山高盟投资有限公司,高盟投资,2014-06-19,11.0,4000000,30052000,0.1407
572397,东莞勤上集团有限公司,勤上集团,2012-12-12,9.15,620572,97654572,0.2607
573086,阳光凯迪,,2012-11-08,7.3,5000000,,
573571,汕头市华青投资控股有限公司,华青投资,2012-10-19,11.4,2000000,,
573571,汕头市华青投资控股有限公司,华青投资,2012-09-07,10.5,1000000,,
573571,汕头市华青投资控股有限公司,华青投资,2012-09-10,10.7,1000000,,
573571,汕头市华青投资控股有限公司,华青投资,2012-09-11,10.6,1000000,,
573571,汕头市华青投资控股有限公司,华青投资,2012-09-12,10.7,1000000,,
573571,汕头市华青投资控股有限公司,华青投资,2012-10-29,9.4,980000,,
577113,上海德润投资有限公司,德润投资,2012-02-10,12.4,4108000,,
577113,上海德润投资有限公司,德润投资,2012-04-10,9.,3400000,,
577113,上海德润投资有限公司,德润投资,2012-04-11,10.,2370000,,
577113,上海德润投资有限公司,德润投资,2012-04-17,10.4,2122000,,
577113,上海德润投资有限公司,德润投资,2012-05-07,11.8,2000000,,
577301,上海复星化工医药创业投资有限公司,复星化工,2010-12-31,49.9,100000,,
577301,上海复星化工医药创业投资有限公司,复星化工,2012-04-25,30.6,35130,,
577301,上海复星化工医药创业投资有限公司,复星化工,2012-04-27,14.7,25300,,
597456,河北省建设投资公司,,2008-10-31,,383600,,
597456,河北省建设投资公司,,2009-10-31,,383600,,
599107,汉龙实业发展有限公司,汉龙实业,2009-09-24,,4500000,45126154,
599479,北京东华诚信电脑科技发展有限公司,诚信电脑,2009-09-17,17.58,16000000,,
600458,广西河池化学工业集团公司,河化集团,2011-05-13,,7000000,,
606251,南京钢铁联合有限公司,南钢联合,2014-05-08,,499963,3247572420,0.8379
62842,新余国通投资管理有限公司,国通投资,2015-02-03,9.9,8500000,133308160,0.3787
62842,冠联国际投资有限公司,冠联国际,2015-02-03,9.9,1000000,,
643239,江苏九洲投资集团创业投资有限公司,九洲创投,2014-04-28,8.4,880000,,
65043,北京智汇创业投资有限公司,智汇创投,2015-02-04,32.7,1500000,10149600,0.1167
67204,杭州晨阳投资有限公司,晨阳投资,2014-05-14,7.0,8530800,,
67601,上海益都实业投资有限公司,上海益都,2014-05-12,8.0,11426500,,
71994,深圳市延宁发展有限公司的通知，,深圳延宁,2010-06-07,36.49,2640000,,
71994,深圳市延宁发展有限公司的通知，,深圳延宁,2010-06-08,36.49,2000000,55286577,0.1645
72541,东盛投资有限公司,东盛投资,2013-12-04,23.7,5000000,,
72541,东盛投资有限公司,东盛投资,2013-12-05,24.2,3000000,,
739197,芜湖基石创业投资合伙企业(有限合伙),芜湖基石,2014-04-10,10.7,1647300,,
739197,芜湖基石创业投资合伙企业(有限合伙),芜湖基石,2014-04-11,10.7,7000000,7352700,0.0424
75431,新华基金管理有限公司,新华基金,2015-03-02,6.2,3000000,,
75431,新华基金管理有限公司,新华基金,2015-03-03,6.23,4000000,,
75431,新华基金管理有限公司,新华基金,2015-03-06,6.1,19390000,,
76008,宏氏投资,,2015-03-09,17.0,4130000,148438965,0.4948
76371,通联创业投资股份有限公司,通联创投,2015-03-09,18.0,,,
79614,辽宁方大集团实业有限公司,辽宁方大,2015-03-11,,40000000,754722128,0.439
798113,澳洋集团有限公司,澳洋集团,2014-03-28,4.3,3000000,,
798763,烟台恒邦集团有限公司,恒邦集团,2014-02-24,,16000000,,
80525,新疆甬金通达股权投资管理有限公司,新疆甬金通达,2015-03-04,35.3,9910000,37180000,0.1876
815429,江苏苏宁电器有限公司,江苏苏宁,2008-10-10,14.02,857960,418062644,0.1398
822855,北京电子城有限责任公司,电子城,2008-05-07,,1870000,3830000,
871247,中国-比利时直接股权投资基金,中比基金,2011-04-20,17.8,1472150,,
871247,中国-比利时直接股权投资基金,中比基金,2011-04-21,17.5,1000000,,
871247,中国-比利时直接股权投资基金,中比基金,2011-05-10,17.3,1636350,,
871247,中国-比利时直接股权投资基金,中比基金,2011-05-11,17.4,2000000,,
871247,中国-比利时直接股权投资基金,中比基金,2011-05-17,16.5,2000000,,
871247,中国-比利时直接股权投资基金,中比基金,2011-05-18,16.4,2000000,,
871247,中国-比利时直接股权投资基金,中比基金,2011-05-19,16.7,1880668,,
871247,中国-比利时直接股权投资基金,中比基金,2011-05-20,16.3,1500000,,
871247,中国-比利时直接股权投资基金,中比基金,2011-05-23,16.2,1500000,,
871247,中国-比利时直接股权投资基金,中比基金,2011-05-24,15.6,1500000,,
871247,中国-比利时直接股权投资基金,中比基金,2011-05-25,15.5,1500000,,
871247,中国-比利时直接股权投资基金,中比基金,2011-05-31,15.8,2000000,133077138,0.0494
8793549,万泽集团有限公司,万泽集团,2015-08-05,,500100,,
8793549,万泽集团有限公司,万泽集团,2016-06-30,,6095868,,
9026407,中非发展基金有限公司,中非发展基金,2016-07-06,24.05-41.5,5351900,,
9027557,深圳市南方同正投资有限公司,,2016-07-06,11.2,1605300,324529776,0.2975
9027787,临沧飞翔冶炼有限责任公司,临沧飞翔,2016-07-06,17.2,12891065,,
902920,北京市基础设施投资有限公司,,2014-03-13,20.7,130500,,
902920,北京市基础设施投资有限公司,,2014-03-14,20.2,68999,,
902920,北京市基础设施投资有限公司,,2014-03-17,20.2,533500,,
910200,嘉铭投资,,2014-03-07,10.5,3200000,8640000,0.0491
91411,万丰奥特控股集团有限公司,万丰集团,2015-01-22,26.1,19000000,0,
9162762,海航资本集团有限公司,海航资本,2016-07-01,5.43,18093829,,
9162762,海航资本集团有限公司,海航资本,2016-07-08,,18093829,303870252,0.2125
91996,青岛海立控股有限公司,海立控股,2015-01-09,15.,2000000,,
91996,青岛海立控股有限公司,海立控股,2015-01-13,15.,3700000,,
91996,青岛海立控股有限公司,海立控股,2015-01-14,15.,1870000,,
92512,江阴市九润管业有限公司,九润管业,2015-01-14,,3560000,,
92512,江阴市九润管业有限公司,九润管业,2015-01-15,,13000000,,
92512,江阴市九润管业有限公司,九润管业,2015-01-16,,31440000,,
92512,江阴市九润管业有限公司,九润管业,2015-01-20,,78748900,114146345,0.0725
930406,中国华融资产管理股份有限公司,中国华融,2014-03-03,,23712946,,
93991,上海锦富投资管理有限公司,上海锦富投资,2015-03-16,14.8,5000000,,
93991,上海锦富投资管理有限公司,上海锦富投资,2015-03-17,15.2,5000000,,
94032,深圳市红岭创业投资企业（有限合伙）,深圳红岭创投,2015-03-16,8.5,3226801,,
94032,深圳市红岭创业投资企业（有限合伙）,深圳红岭创投,2014-07-31,5.9,8000000,,
94032,深圳市红岭创业投资企业（有限合伙）,深圳红岭创投,2014-09-19,6.9,2000000,,
94032,深圳市红岭创业投资企业（有限合伙）,深圳红岭创投,2014-09-29,8.4,1000000,,
94032,深圳市红岭创业投资企业（有限合伙）,深圳红岭创投,2015-03-03,7.9,3000000,,
94032,深圳市红岭创业投资企业（有限合伙）,深圳红岭创投,2015-03-09,8.2,2600000,,
94658,深圳市神州通投资集团有限公司,神州通投资,2015-03-17,16.4,6000000,5987035860000,0.5965
94658,深圳市全球星投资管理有限公司,全球星投资,2013-12-04,21.7,5000000,,
95625,雷岩投资,,2015-03-02,72.2,500000,,
95625,雷岩投资,,2015-03-04,78.2,600000,,
95625,雷岩投资,,2015-03-18,76.6,500000,14434625,0.1066
964661,宁波宁电投资发展有限公司,宁波宁电,2014-02-24,7.205,300000,,
983624,深南实业,,2014-02-12,6.00-6.9,5280000,7176685,0.0136
984933,长和投资有限公司,长和投资,2014-02-11,10.8,9403900,92889379,0.1076
9874695,久立集团股份有限公司,久立集团,2015-08-03,14.1,1500000,,
9874695,久立集团股份有限公司,久立集团,2015-08-05,15.3,542800,,
9874695,久立集团股份有限公司,久立集团,2015-08-21,15.9,1187503,,
9874695,久立集团股份有限公司,久立集团,2015-09-01,11.8,125000,,
9874695,久立集团股份有限公司,久立集团,2015-09-30,11.3,187500,,
9874695,久立集团股份有限公司,久立集团,2016-01-12,11.0,1150000,,
9874695,久立集团股份有限公司,久立集团,2016-01-13,11.0,2370000,,
9874695,久立集团股份有限公司,久立集团,2016-01-19,10.7,1493624,,
9874695,久立集团股份有限公司,久立集团,2016-01-20,10.9,100000,,
9874695,久立集团股份有限公司,久立集团,2016-01-21,10.8,800000,,
9874695,久立集团股份有限公司,久立集团,2016-02-25,9.8,600000,,
9874695,久立集团股份有限公司,久立集团,2016-02-26,9.4,700000,,
9874695,久立集团股份有限公司,久立集团,2016-04-25,9.7,600000,,
9874695,科策3号基金,,2016-02-23,10.4,150000,,
9874695,科策3号基金,,2016-02-24,10.5,900000,,
9874695,科策3号基金,,2016-02-25,10.0,850000,,
9874695,科策3号基金,,2016-02-26,9.5,600000,,
9874695,科策3号基金,,2016-04-22,9.7,200000,,
9874695,科策3号基金,,2016-04-25,9.7,520000,,
9874695,科策3号基金,,2016-05-25,9.2,580000,,
9874695,科策3号基金,,2016-05-26,9.1,1900000,,
9874695,科策3号基金,,2016-05-27,9.2,1600000,,
9877928,深圳市博睿意碳源科技有限公司,博睿意碳源,2016-07-11,,4164690,,
9881236,南京金陵饭店集团有限公司,金陵集团,2016-07-13,,1670600,119878133,0.3996
9892758,硕贝德控股,,2016-07-19,17.3,7500000,,
9892758,硕贝德控股,,2016-07-20,17.9,2500000,,
9898056,广东顾地塑胶有限公司,广东顾地,2016-07-20,20.1,11000000,,
9898056,广东顾地塑胶有限公司,广东顾地,2016-07-21,20.1,6250000,,
